date,paid_search_spend,paid_social_spend,display_spend,email_spend,affiliate_spend,tv_spend
2023-01-01,3230.70,2477.24,1536.04,514.65,911.73,1997.98
2023-01-02,3251.04,2735.44,1508.34,486.91,1084.67,2030.42
2023-01-03,3106.23,2515.72,1529.45,455.94,1088.17,2088.94
2023-01-04,3154.72,2760.65,1616.24,531.23,951.84,1863.37
2023-01-05,2945.06,2658.24,1576.66,491.76,990.00,2032.65
2023-01-06,3127.08,2355.65,1552.18,501.46,937.72,1953.64
2023-01-07,3293.88,2490.96,1395.89,512.78,1067.48,2221.53
2023-01-08,3226.31,2515.36,1509.11,497.75,1060.71,2033.89
2023-01-09,3203.60,2711.60,1577.37,537.08,1046.45,2089.40
2023-01-10,3068.39,2363.78,1589.27,507.61,1004.60,2023.05
2023-01-11,2946.22,2677.79,1654.52,546.57,949.35,2103.95
2023-01-12,3152.34,2798.72,1552.69,556.74,1098.57,1990.93
2023-01-13,3432.66,2787.59,1515.24,509.61,979.31,2053.91
2023-01-14,2865.25,2658.82,1623.27,487.89,1055.76,2233.09
2023-01-15,2866.64,2691.31,1583.54,522.72,1014.25,2053.91
2023-01-16,3018.67,2558.85,1652.71,510.33,1024.16,2122.72
2023-01-17,2893.83,2708.33,1515.99,564.94,1024.58,1921.19
2023-01-18,3143.69,2719.74,1457.78,487.67,980.64,1967.24
2023-01-19,3438.30,2518.84,1545.08,509.42,1140.67,2229.26
2023-01-20,3290.17,2513.19,1491.03,493.31,1018.13,2172.72
2023-01-21,3326.67,2486.08,1718.87,488.53,998.57,2032.19
2023-01-22,3421.40,2858.24,1614.31,576.08,1157.05,2143.21
2023-01-23,3417.97,2617.47,1585.04,563.39,1099.97,2013.54
2023-01-24,2961.90,2791.61,1726.40,544.60,1027.82,2196.70
2023-01-25,3363.84,2939.32,1667.24,552.30,1112.67,2107.95
2023-01-26,3462.75,2939.39,1600.91,540.79,1090.38,2047.25
2023-01-27,3123.16,2867.38,1618.22,579.66,1179.15,2242.29
2023-01-28,3563.31,2626.37,1569.90,536.15,1056.35,2227.27
2023-01-29,3473.21,2860.81,1588.01,591.89,1094.18,2166.99
2023-01-30,3231.14,2952.10,1738.86,520.80,1052.28,2279.53
2023-01-31,3054.73,2613.65,1663.79,525.50,1067.43,2014.02
2023-02-01,3078.05,2906.79,1562.09,528.54,1080.23,2207.42
2023-02-02,3216.76,2635.14,1737.32,579.01,1189.71,2325.44
2023-02-03,3593.06,2849.83,1637.86,580.69,1114.60,2260.18
2023-02-04,3165.83,2752.47,1605.79,558.76,1151.99,2093.73
2023-02-05,3553.56,2947.43,1726.31,522.76,1113.83,2114.05
2023-02-06,3575.92,2739.62,1803.98,523.54,1184.87,2073.06
2023-02-07,3186.68,3023.55,1546.25,552.72,1100.13,2416.34
2023-02-08,3642.04,3062.60,1799.00,525.39,1135.00,2193.85
2023-02-09,3514.61,2888.15,1594.35,600.18,1115.14,2310.93
2023-02-10,3452.33,2948.23,1840.41,546.96,1234.64,2142.42
2023-02-11,3720.86,2728.15,1686.82,538.09,1047.96,2451.52
2023-02-12,3573.46,2758.11,1581.43,573.84,1131.30,2109.89
2023-02-13,3665.68,2988.93,1596.57,549.50,1178.82,2157.81
2023-02-14,3537.59,2785.02,1853.84,548.88,1093.25,2280.11
2023-02-15,3499.25,2948.45,1821.45,589.89,1168.43,2209.42
2023-02-16,3245.29,2865.35,1746.36,562.90,1111.08,2322.98
2023-02-17,3357.65,3123.39,1685.39,609.25,1134.01,2473.42
2023-02-18,3280.47,2733.40,1819.71,542.04,1080.26,2410.11
2023-02-19,3614.79,2803.27,1675.21,555.78,1127.49,2489.68
2023-02-20,3328.48,2859.04,1861.21,609.81,1169.96,2339.01
2023-02-21,3277.51,2894.32,1892.39,542.05,1118.03,2372.30
2023-02-22,3715.32,2765.11,1758.63,542.27,1153.73,2201.04
2023-02-23,3548.07,3121.48,1630.41,634.38,1270.94,2498.07
2023-02-24,3526.20,3117.39,1883.71,614.66,1238.98,2487.78
2023-02-25,3707.22,3000.25,1774.51,632.00,1246.39,2469.37
2023-02-26,3795.71,3140.55,1837.09,616.63,1130.86,2236.97
2023-02-27,3755.91,3025.10,1736.64,633.68,1116.54,2164.36
2023-02-28,3610.05,3132.16,1897.48,553.14,1190.46,2203.81
2023-03-01,3401.60,3212.82,1726.31,626.62,1176.91,2434.18
2023-03-02,3785.70,2813.23,1687.27,615.42,1122.88,2266.70
2023-03-03,3689.76,2825.11,1765.12,552.71,1287.44,2409.28
2023-03-04,3744.89,2802.71,1876.20,640.98,1166.92,2423.29
2023-03-05,3363.61,3191.57,1921.75,609.17,1180.76,2576.56
2023-03-06,3768.60,3187.16,1792.98,631.35,1135.99,2193.26
2023-03-07,3817.96,3118.28,1681.37,604.09,1149.31,2393.17
2023-03-08,3590.75,3054.31,1650.47,623.31,1207.05,2303.67
2023-03-09,3832.16,2888.60,1728.70,592.76,1275.28,2542.95
2023-03-10,3482.98,2876.13,1822.91,570.33,1191.93,2599.27
2023-03-11,3751.03,3242.18,1759.33,561.80,1231.99,2580.12
2023-03-12,3758.72,3014.42,1770.55,638.96,1219.66,2470.51
2023-03-13,3638.70,3200.51,1663.90,623.00,1119.83,2567.02
2023-03-14,3917.48,3037.35,1890.31,596.19,1297.76,2431.97
2023-03-15,3515.11,2944.69,1812.23,635.53,1131.27,2619.80
2023-03-16,3825.81,3031.14,1711.46,644.86,1176.37,2476.96
2023-03-17,3885.90,3190.40,1728.12,608.04,1185.40,2388.09
2023-03-18,3626.69,2827.90,1903.93,608.85,1166.60,2449.95
2023-03-19,3645.88,3249.38,1764.57,632.74,1178.83,2312.27
2023-03-20,3760.64,3192.29,1686.89,600.92,1211.89,2620.65
2023-03-21,3359.77,2805.89,1887.96,567.57,1192.89,2450.03
2023-03-22,3471.61,2980.93,1878.33,655.98,1128.06,2350.97
2023-03-23,3434.10,2922.18,1780.76,569.81,1171.37,2308.27
2023-03-24,3666.15,2891.36,1701.07,595.53,1120.35,2461.70
2023-03-25,3805.96,2887.23,1696.27,646.90,1163.24,2395.58
2023-03-26,3592.09,2985.29,1974.83,582.60,1123.25,2483.72
2023-03-26,3740.20,3187.38,1895.27,629.31,1214.59,2522.40
2023-03-27,3726.21,3041.42,1785.20,580.69,1192.93,2634.22
2023-03-28,3807.17,3211.28,1685.19,579.36,1254.09,2278.99
2023-03-29,3560.65,2948.31,1915.25,572.94,1296.39,2506.51
2023-03-30,3827.11,2950.25,1962.68,658.58,1149.34,2342.42
2023-03-31,3893.99,3282.25,1898.96,562.87,1323.40,2379.09
2023-04-01,3915.66,3291.15,1726.27,662.46,1176.67,2429.87
2023-04-02,3573.44,3091.93,1821.20,581.78,1267.73,2382.11
2023-04-03,3586.70,3116.31,1925.97,658.11,1176.71,2386.21
2023-04-04,3974.10,2952.53,1902.10,599.48,1194.55,2332.64
2023-04-05,3566.22,3117.07,1943.29,614.56,1239.29,2295.32
2023-04-06,3436.20,3181.55,1871.18,608.79,1298.69,2457.10
2023-04-07,3481.41,3235.05,1956.17,615.29,1137.58,2649.06
2023-04-08,3420.65,2997.77,1807.45,612.82,1149.20,2400.98
2023-04-09,3419.78,3276.82,1754.89,588.86,1232.34,2374.48
2023-04-10,3878.32,3093.48,1721.95,572.26,1267.19,2638.12
2023-04-11,3788.52,3224.24,1814.65,657.58,1310.76,2478.37
2023-04-12,3731.35,2885.97,1986.79,576.71,1202.78,2256.17
2023-04-13,3916.39,2830.96,1939.52,620.72,1293.00,2557.31
2023-04-14,3454.63,3286.18,1733.15,589.64,1216.08,2288.25
2023-04-15,3551.97,3008.79,1907.10,657.05,1224.50,2422.16
2023-04-16,3375.95,3032.06,1804.28,567.03,1270.42,2637.03
2023-04-17,3566.20,3075.85,1955.67,571.58,1254.14,2398.85
2023-04-18,3836.65,3152.23,1689.94,621.00,1249.41,2446.78
2023-04-19,3726.42,2988.24,1774.99,634.01,1218.02,2630.41
2023-04-20,3730.94,2839.05,1776.73,655.86,1291.58,2284.02
2023-04-21,3930.35,2958.18,1723.58,584.72,1201.04,2560.36
2023-04-22,3783.25,2957.00,1696.13,601.49,1126.02,2351.16
2023-04-23,3566.32,3230.03,1967.41,603.66,1261.33,2474.11
2023-04-24,3750.84,2849.44,1715.52,584.96,1185.84,2360.53
2023-04-25,3745.06,2870.84,1796.58,607.94,1234.55,2277.12
2023-04-26,3646.66,2928.89,1780.37,640.98,1266.63,2443.96
2023-04-27,3623.23,3027.16,1673.02,655.51,1151.34,2438.41
2023-04-28,3337.83,3252.16,1907.19,602.21,1250.54,2310.67
2023-04-29,3399.41,3216.15,1702.94,581.48,1117.90,2371.31
2023-04-30,3744.90,3024.56,1957.62,612.85,1208.79,2411.67
2023-05-01,3654.58,3199.89,1738.75,553.84,1215.36,2246.87
2023-05-02,3610.17,2878.41,1887.15,629.31,1187.41,2505.74
2023-05-03,3764.42,2930.16,1667.59,637.17,1131.87,2479.26
2023-05-04,3475.12,2964.58,1686.20,560.89,1173.72,2236.01
2023-05-05,3636.88,2969.75,1755.49,609.88,1267.71,2412.50
2023-05-06,3887.73,3169.47,1707.60,625.00,1150.07,2237.99
2023-05-07,3735.76,3093.22,1798.89,586.00,1129.63,2306.48
2023-05-08,3737.44,3072.42,1665.51,552.49,1115.83,2233.59
2023-05-09,3502.52,2780.86,1821.52,600.82,1216.58,2468.67
2023-05-10,3661.53,2908.06,1783.31,551.35,1274.06,2188.34
2023-05-11,3307.96,3055.22,1903.49,573.81,1158.34,2548.47
2023-05-12,3617.68,3178.45,1793.72,584.36,1196.72,2221.15
2023-05-13,3678.48,2954.94,1649.46,582.16,1220.16,2510.17
2023-05-14,3648.82,2885.01,1686.54,561.81,1249.63,2562.69
2023-05-15,3288.52,2765.62,1790.03,549.63,1263.87,2374.99
2023-05-16,3789.64,2711.70,1849.18,611.98,1236.33,2179.35
2023-05-17,3256.08,3176.71,1716.44,556.17,1146.72,2331.85
2023-05-18,3297.43,3028.29,1739.71,619.65,1200.75,2226.86
2023-05-19,3651.23,3071.73,1645.04,600.18,1092.88,2233.38
2023-05-20,3314.32,3096.30,1857.48,601.86,1202.17,2202.29
2023-05-21,3388.27,2680.71,1864.45,541.30,1266.75,2517.46
2023-05-22,3354.20,2869.79,1767.51,586.40,1142.26,2514.87
2023-05-23,3627.43,3117.92,1654.14,540.56,1098.92,2487.91
2023-05-24,3272.56,2784.47,1676.14,587.76,1169.32,2247.24
2023-05-25,3670.80,2980.61,1865.10,583.71,1237.20,2170.45
2023-05-26,3339.89,2776.67,1814.39,600.45,1098.59,2319.37
2023-05-27,3690.77,2718.91,1836.14,534.77,1203.77,2173.54
2023-05-28,3686.59,2746.82,1827.31,609.65,1099.23,2305.10
2023-05-29,3748.02,2964.74,1703.64,589.31,1190.20,2326.37
2023-05-30,3662.29,2736.83,1851.59,540.22,1235.58,2110.21
2023-05-31,3350.02,3041.56,1582.98,561.78,1235.56,2338.15
2023-06-01,3698.15,2972.27,1673.29,563.38,1183.02,2454.42
2023-06-02,3251.08,2771.56,1575.96,613.63,1112.72,2288.16
2023-06-03,3299.31,2876.71,1745.57,519.27,1065.39,2197.49
2023-06-04,3325.07,2871.89,1822.45,562.78,1223.41,2436.16
2023-06-05,3537.31,2791.84,1722.27,561.21,1198.01,2206.90
2023-06-06,3551.54,2916.34,1625.00,519.04,1135.74,2107.18
2023-06-07,3127.84,2652.48,1834.75,566.76,1183.06,2382.82
2023-06-08,3418.75,2961.73,1608.98,601.23,1132.79,2063.14
2023-06-09,3189.21,2840.85,1810.62,537.71,1127.59,2101.61
2023-06-10,3287.99,2756.27,1765.90,547.23,1135.57,2038.83
2023-06-11,3183.27,3015.16,1577.47,515.77,1173.43,2205.87
2023-06-12,3192.39,2779.48,1640.20,589.70,1143.70,2383.71
2023-06-13,3044.81,2849.31,1579.16,555.68,1170.84,2070.14
2023-06-14,3226.19,2947.44,1550.34,587.06,1044.02,2401.61
2023-06-15,3371.30,2870.91,1576.30,539.16,1149.38,2073.56
2023-06-16,3477.09,2801.32,1716.29,514.02,1091.33,2255.62
2023-06-17,3352.72,2937.94,1508.48,593.89,1068.14,2233.65
2023-06-18,3173.74,2576.87,1762.94,538.80,1189.44,2154.21
2023-06-19,3168.55,2954.40,1670.89,509.62,1035.46,2007.07
2023-06-20,3066.06,2920.45,1576.08,527.43,1156.10,2234.22
2023-06-21,3152.18,2733.90,1512.81,511.82,1036.47,2090.65
2023-06-22,3337.08,2519.00,1764.92,581.73,1159.35,1990.51
2023-06-23,3489.12,2529.80,1522.80,500.27,1029.60,2027.50
2023-06-24,3444.37,2880.96,1722.71,505.57,1030.75,2184.11
2023-06-25,3077.29,2684.42,1474.13,533.98,994.17,2147.58
2023-06-26,3292.19,2455.26,1670.57,570.15,1109.11,2004.74
2023-06-27,3169.85,2709.50,1562.28,568.40,1157.70,2216.63
2023-06-28,3416.80,2423.81,1585.99,557.11,1067.09,2013.25
2023-06-29,3014.98,2465.57,1570.07,513.74,1020.78,2287.67
2023-06-30,3015.22,2885.57,1639.62,497.82,986.73,2185.86
2023-07-01,3376.70,2830.05,1716.84,541.62,990.85,2015.70
2023-07-02,3303.19,2466.86,1545.50,533.88,1040.18,1932.35
2023-07-03,3328.05,2488.21,1421.93,527.73,998.09,2110.57
2023-07-04,3002.05,2852.21,1432.88,568.30,1131.91,2033.06
2023-07-05,2951.91,2370.29,1673.51,555.16,1069.20,2138.22
2023-07-06,3100.61,2425.12,1500.74,532.68,1056.00,1993.23
2023-07-07,3020.54,2534.10,1623.65,505.47,973.89,2113.43
2023-07-08,3385.03,2820.81,1516.74,539.23,1037.89,1940.37
2023-07-09,2868.73,2655.20,1403.32,502.38,968.64,1984.03
2023-07-10,2914.24,2766.60,1590.05,462.19,1080.34,1945.01
2023-07-11,3236.41,2414.47,1395.40,524.92,1085.18,1930.10
2023-07-12,2845.11,2774.95,1669.49,484.39,919.25,1884.36
2023-07-13,2806.54,2467.98,1448.37,551.87,1093.51,1998.74
2023-07-14,2919.46,2549.97,1640.95,492.10,970.19,1927.51
2023-07-15,2969.96,2511.31,1408.29,487.63,969.20,2201.04
2023-07-16,2717.49,2487.77,1536.30,551.19,995.20,1929.85
2023-07-17,2940.80,2426.64,1455.93,539.38,1013.44,1879.75
2023-07-18,2968.89,2323.85,1371.98,521.78,1086.52,2007.22
2023-07-19,3171.72,2664.99,1579.53,541.02,941.62,2125.20
2023-07-20,2681.24,2513.03,1575.65,485.84,906.74,1811.54
2023-07-21,3047.34,2522.44,1445.73,513.34,926.76,1915.54
2023-07-22,3015.56,2617.03,1432.08,487.58,1015.72,1933.95
2023-07-23,2854.94,2526.41,1423.72,509.57,925.10,1949.53
2023-07-24,2849.58,2395.48,1340.94,531.33,971.20,2070.26
2023-07-25,3077.14,2379.52,1526.02,494.34,949.04,1963.41
2023-07-26,2795.03,2414.48,1428.94,527.34,897.51,1874.47
2023-07-27,3007.23,2590.08,1385.44,506.10,934.82,1894.79
2023-07-28,2736.68,2355.03,1532.77,446.64,1004.06,1879.37
2023-07-29,2872.25,2227.05,1528.55,441.26,1036.39,2033.28
2023-07-30,2766.34,2574.61,1528.23,504.66,973.93,1787.26
2023-07-31,2799.10,2562.63,1436.64,522.89,903.69,1868.54
2023-08-01,2900.06,2494.24,1293.08,432.07,876.89,1982.40
2023-08-02,2569.63,2185.33,1296.32,492.42,1016.20,1931.25
2023-08-03,2564.82,2306.20,1541.58,453.73,946.94,2095.98
2023-08-04,3025.99,2485.66,1340.69,447.68,941.61,1915.42
2023-08-05,2948.52,2574.89,1338.74,496.72,1021.40,1720.54
2023-08-06,3102.37,2497.81,1415.12,432.40,920.23,1903.49
2023-08-07,3124.64,2133.14,1311.50,437.75,1017.46,1941.09
2023-08-08,3118.09,2481.62,1442.08,498.26,957.01,1857.78
2023-08-09,2848.53,2198.44,1539.18,465.47,929.04,2056.56
2023-08-10,3040.71,2384.76,1329.88,419.92,944.06,1720.57
2023-08-11,2711.72,2545.46,1354.58,503.93,988.85,1804.52
2023-08-12,2733.75,2365.30,1441.23,421.94,960.04,1960.64
2023-08-13,2658.84,2520.00,1329.69,443.04,940.74,1939.83
2023-08-14,2818.76,2359.94,1319.94,436.58,973.10,1697.92
2023-08-15,2651.48,2073.66,1314.13,421.09,996.31,2011.83
2023-08-16,2566.50,2378.55,1365.52,497.80,997.02,1888.54
2023-08-17,2637.18,2180.82,1273.74,492.13,922.67,1689.59
2023-08-18,2913.01,2309.16,1346.82,429.62,1002.23,1806.65
2023-08-19,2692.31,2526.19,1362.45,466.35,862.04,1970.11
2023-08-20,2519.82,2137.42,1297.27,447.50,962.29,1787.71
2023-08-21,2477.89,2421.66,1317.18,456.72,938.15,1781.66
2023-08-22,2712.40,2152.86,1375.60,500.30,993.54,1645.03
2023-08-23,2604.56,2172.93,1386.56,485.90,940.87,1921.64
2023-08-24,2816.56,2447.73,1354.83,438.91,850.16,1764.53
2023-08-25,2504.47,2269.53,1460.00,462.76,978.15,1725.90
2023-08-26,2739.49,2100.30,1279.42,453.07,900.66,1625.27
2023-08-27,2888.11,2472.17,1488.43,442.92,803.15,1659.99
2023-08-28,2673.81,2094.11,1456.63,437.91,826.68,1860.45
2023-08-29,2431.78,2322.01,1353.83,400.19,995.79,1923.89
2023-08-30,2916.36,2160.07,1232.96,425.86,830.50,1774.05
2023-08-31,2430.87,2169.06,1474.59,448.77,835.06,1947.73
2023-09-01,2942.83,2426.41,1257.88,469.73,854.95,1611.35
2023-09-02,2761.46,2252.76,1250.68,459.75,957.61,1612.90
2023-09-03,2466.13,2132.63,1441.54,447.24,919.72,1705.32
2023-09-04,2730.30,2406.91,1259.75,395.23,837.34,1923.75
2023-09-05,2373.03,2197.82,1463.35,475.59,814.77,1675.93
2023-09-06,2537.60,2172.02,1458.78,489.01,863.22,1917.09
2023-09-07,2901.52,2006.58,1386.73,467.52,892.87,1647.48
2023-09-08,2939.02,2407.71,1384.39,466.75,948.72,1895.38
2023-09-09,2607.68,2427.07,1249.45,409.34,922.30,1869.31
2023-09-10,2761.22,2399.20,1303.42,488.46,811.97,1832.52
2023-09-11,2775.44,2124.45,1295.03,406.40,964.61,1861.36
2023-09-12,2927.45,2446.01,1250.14,399.94,852.80,1927.06
2023-09-13,2852.05,2357.42,1254.43,476.55,846.70,1637.09
2023-09-14,2448.67,2387.38,1273.39,394.38,830.00,1675.50
2023-09-15,2894.50,2103.42,1265.70,427.03,974.80,1681.93
2023-09-16,2702.17,1956.93,1166.37,396.75,836.06,1639.14
2023-09-17,2538.81,2376.22,1387.73,442.04,843.38,1624.18
2023-09-18,2457.01,2029.01,1309.61,452.66,792.14,1881.82
2023-09-19,2518.08,2382.60,1202.80,442.89,808.98,1614.58
2023-09-20,2412.88,2193.50,1291.42,419.81,863.63,1746.86
2023-09-21,2848.85,2025.35,1360.68,449.16,825.65,1690.60
2023-09-22,2916.08,1969.31,1346.53,445.84,804.74,1875.64
2023-09-23,2877.31,2378.11,1225.31,426.34,964.07,1586.51
2023-09-24,2654.85,2071.59,1183.61,452.31,921.66,1697.21
2023-09-25,2921.51,2052.40,1347.28,436.14,789.14,1653.15
2023-09-26,2547.48,2425.30,1412.33,430.52,837.98,1594.11
2023-09-27,2609.20,2118.62,1234.67,462.32,881.31,1748.11
2023-09-28,2339.67,2160.15,1430.22,456.49,828.24,1576.41
2023-09-29,2419.56,2281.81,1397.29,486.27,836.49,1798.87
2023-09-30,2337.17,2125.11,1227.12,410.05,779.32,1645.40
2023-10-01,2604.28,2155.26,1320.37,481.82,944.36,1762.95
2023-10-02,2360.01,1987.58,1395.79,469.56,941.73,1659.31
2023-10-03,2879.76,2176.60,1386.10,436.09,944.52,1566.57
2023-10-04,2851.98,2002.06,1219.21,429.75,918.38,1817.63
2023-10-05,2854.66,2154.36,1249.81,416.18,870.62,1705.92
2023-10-06,2459.22,2264.98,1425.60,393.03,803.59,1615.24
2023-10-07,2829.63,2283.77,1432.08,484.92,973.33,1761.25
2023-10-08,2490.13,2429.29,1180.80,391.01,811.12,1622.90
2023-10-09,2466.50,2361.51,1329.83,428.74,799.44,1587.90
2023-10-10,2566.45,2021.70,1411.12,419.44,863.28,1591.89
2023-10-11,2650.23,2353.17,1207.95,442.60,934.08,1584.06
2023-10-12,2940.61,2093.78,1371.40,460.02,923.72,1798.82
2023-10-13,2521.02,2447.32,1369.28,475.75,878.51,1584.61
2023-10-14,2940.11,2032.09,1313.96,447.29,949.77,1771.31
2023-10-15,2648.00,2216.10,1370.10,486.45,974.86,1791.34
2023-10-16,2782.76,2239.43,1260.41,419.92,915.31,1819.22
2023-10-17,2466.49,2208.05,1338.75,423.73,903.26,1934.72
2023-10-18,2615.71,2007.86,1225.16,436.19,973.66,1600.80
2023-10-19,2369.86,2430.47,1311.20,398.85,822.04,1667.34
2023-10-20,2593.03,2036.66,1342.12,395.95,990.73,1703.77
2023-10-21,2412.46,2015.78,1266.09,464.39,905.86,1818.43
2023-10-22,2724.72,2226.52,1273.21,422.85,924.38,1827.97
2023-10-23,2949.77,2373.36,1360.49,456.62,905.62,1811.00
2023-10-24,2772.05,2206.48,1209.76,403.48,873.14,1651.23
2023-10-25,2621.68,2382.09,1271.28,479.39,824.62,1629.13
2023-10-26,2656.45,2185.35,1426.89,484.21,833.09,1800.01
2023-10-27,2777.45,2137.36,1209.72,408.71,911.41,1839.53
2023-10-28,2671.49,2247.80,1342.15,402.43,844.43,1657.14
2023-10-30,2715.37,2453.27,1355.27,421.13,925.10,1805.91
2023-10-31,2648.15,2196.78,1480.24,445.64,926.39,1857.96
2023-11-01,2819.61,2403.62,1447.58,429.89,847.19,1963.84
2023-11-02,2996.99,2291.84,1380.14,463.35,964.51,1728.90
2023-11-03,2442.00,2414.76,1322.69,436.26,989.84,1811.79
2023-11-04,2636.44,2254.68,1461.11,495.87,1004.08,1994.15
2023-11-05,2914.42,2059.10,1476.11,483.18,931.37,1863.60
2023-11-06,2537.98,2234.42,1489.91,474.44,841.55,1708.54
2023-11-07,2543.16,2358.72,1358.24,461.31,862.64,2021.77
2023-11-08,3033.59,2226.00,1379.44,418.65,885.54,1693.95
2023-11-09,2586.04,2416.00,1334.97,501.75,845.33,1878.58
2023-11-10,2791.67,2082.71,1468.62,440.15,843.41,1994.74
2023-11-11,2712.95,2327.48,1502.84,483.21,946.14,1948.87
2023-11-12,3095.40,2471.63,1456.06,436.66,1030.22,1911.91
2023-11-13,2900.63,2211.83,1537.82,483.92,994.38,1861.37
2023-11-14,2829.89,2274.75,1497.61,423.32,854.29,1700.22
2023-11-15,2676.05,2571.99,1370.19,466.81,962.09,1793.06
2023-11-16,2599.34,2417.83,1301.24,521.28,996.13,1763.60
2023-11-17,2820.28,2408.53,1273.90,495.46,898.48,1868.77
2023-11-18,3002.26,2300.10,1517.88,488.08,924.12,1773.06
2023-11-19,2681.99,2407.35,1450.69,517.17,1031.43,1756.95
2023-11-20,2998.98,2164.15,1397.92,429.33,1006.84,1755.64
2023-11-21,3151.94,2319.23,1571.08,499.04,886.78,1966.09
2023-11-22,2841.93,2163.17,1539.17,458.12,1002.98,2083.68
2023-11-23,2717.05,2414.43,1535.85,521.83,990.91,2125.79
2023-11-24,3152.58,2308.68,1550.16,502.15,971.87,1856.23
2023-11-25,2941.42,2584.32,1421.10,492.21,933.59,1799.59
2023-11-26,3053.31,2425.02,1422.02,501.23,1072.29,1840.37
2023-11-27,3088.52,2692.44,1340.19,447.70,899.02,2059.89
2023-11-28,2982.11,2455.46,1591.96,480.82,1049.78,2039.15
2023-11-29,3188.11,2331.68,1482.54,525.44,899.45,1859.35
2023-11-30,3146.67,2590.22,1426.17,525.95,985.27,1901.34
2023-12-01,3209.11,2575.09,1337.09,464.21,941.16,1818.27
2023-12-02,3061.54,2538.63,1530.20,464.56,1057.22,2013.96
2023-12-03,3029.61,2390.70,1383.45,489.94,1062.08,1894.44
2023-12-04,3279.03,2738.35,1628.69,491.53,944.40,2002.74
2023-12-05,3136.76,2396.26,1599.90,524.38,992.78,1807.57
2023-12-06,2988.25,2269.37,1423.58,476.22,967.57,2103.18
2023-12-07,2775.07,2286.13,1531.65,485.16,1038.00,2000.28
2023-12-08,3193.23,2570.92,1593.63,514.80,979.63,1844.46
2023-12-09,2888.66,2728.24,1629.81,481.27,1107.71,2010.03
2023-12-10,3020.13,2625.55,1572.70,474.94,1034.13,2030.53
2023-12-11,2832.08,2700.90,1478.56,510.18,1078.91,1894.73
2023-12-12,3266.42,2521.88,1455.51,472.81,932.11,2020.30
2023-12-13,2942.02,2338.81,1578.49,499.81,975.84,2041.71
2023-12-14,2946.52,2795.53,1475.68,519.38,1024.77,2058.16
2023-12-15,3215.69,2503.56,1459.12,547.37,1030.42,2041.92
2023-12-16,3364.88,2794.69,1478.04,488.14,1109.25,2059.76
2023-12-17,3139.52,2614.75,1591.09,551.04,1107.83,2087.83
2023-12-18,2926.95,2656.23,1482.83,487.42,1117.88,2251.29
2023-12-19,3327.72,2536.62,1630.55,551.32,1138.04,2142.13
2023-12-20,3158.16,2520.54,1545.74,494.91,1149.46,2092.20
2023-12-21,3363.43,2447.27,1484.21,522.35,1002.85,1935.64
2023-12-22,2956.84,2779.12,1634.57,574.60,1039.82,2214.68
2023-12-23,3310.48,2874.19,1502.26,504.62,1050.31,2283.96
2023-12-24,3317.29,2922.71,1489.99,541.75,1055.75,2065.49
2023-12-25,3435.88,2883.92,1549.33,579.42,1144.90,2063.97
2023-12-26,3454.61,2529.27,1638.58,580.73,999.76,2241.04
2023-12-27,3538.69,2666.64,1559.05,510.58,1069.99,1976.55
2023-12-28,3552.74,2622.86,1601.41,567.52,1108.81,2161.87
2023-12-29,3155.96,2535.03,1657.92,537.56,997.66,2230.43
2023-12-30,2997.33,2501.70,1621.22,563.22,1027.09,2179.14
2023-12-31,3501.44,2962.63,1766.76,527.35,1075.76,2186.19
2024-01-01,3196.26,2522.41,1790.45,532.08,1118.72,2115.64
2024-01-02,3310.81,2929.71,1655.08,561.51,1066.34,2384.37
2024-01-03,3109.18,2826.48,1684.99,542.01,1094.23,2227.21
2024-01-04,3373.24,2562.88,1628.56,562.55,1120.50,2183.27
2024-01-05,3600.56,2868.12,1531.63,579.46,1039.34,2113.41
2024-01-06,3309.43,2830.07,1769.92,520.90,1211.29,2293.17
2024-01-07,3558.76,2828.61,1570.61,520.33,1052.21,2091.40
2024-01-08,3187.39,2602.24,1640.51,553.81,1121.68,2199.60
2024-01-09,3412.64,3000.98,1724.88,573.50,1110.93,2350.19
2024-01-10,3622.91,2965.02,1582.69,547.66,1205.55,2076.63
2024-01-11,3457.17,2961.82,1759.75,574.52,1190.76,2420.00
2024-01-12,3264.57,3020.01,1811.23,573.01,1046.10,2385.23
2024-01-13,3261.24,2756.38,1730.35,589.74,1214.64,2352.60
2024-01-14,3317.61,2729.49,1610.32,623.09,1234.56,2118.99
2024-01-15,3445.59,3019.96,1864.11,528.38,1149.41,2210.83
2024-01-16,3575.96,2885.88,1796.91,575.61,1097.62,2324.32
2024-01-17,3738.23,2674.94,1635.72,546.33,1135.82,2183.01
2024-01-18,3309.32,2704.63,1815.73,553.73,1101.07,2438.04
2024-01-19,3261.53,2710.94,1716.28,571.22,1149.69,2349.85
2024-01-20,3386.01,2969.41,1721.04,558.07,1202.53,2498.43
2024-01-21,3419.86,2858.62,1809.73,569.81,1164.39,2452.49
2024-01-22,3442.02,2897.47,1667.80,590.67,1237.34,2446.37
2024-01-23,3431.91,2905.13,1740.70,582.32,1229.84,2289.93
2024-01-24,3688.69,2850.56,1734.50,553.28,1107.00,2396.27
2024-01-25,3821.85,2718.36,1855.54,615.93,1251.71,2546.01
2024-01-26,3445.41,3145.40,1703.90,611.79,1123.43,2321.17
2024-01-27,3764.35,3120.51,1798.54,621.39,1249.78,2456.76
2024-01-28,3834.02,3125.33,1918.46,621.25,1169.72,2308.67
2024-01-29,3489.22,2766.23,1659.64,600.29,1267.29,2573.68
2024-01-30,3787.03,3144.10,1875.27,591.69,1182.90,2390.22
2024-01-31,3584.60,2978.64,1759.31,610.87,1238.77,2231.95
2024-02-01,3868.91,3249.47,1711.61,580.52,1215.08,2603.30
2024-02-02,3527.61,3157.41,1906.93,602.54,1288.65,2502.82
2024-02-03,3372.54,2848.10,1750.02,575.92,1161.67,2337.38
2024-02-04,3494.63,3252.55,1717.43,583.52,1135.14,2318.32
2024-02-05,3520.69,3123.00,1960.67,624.18,1153.72,2332.23
2024-02-06,3455.30,2953.39,1910.02,584.86,1316.69,2260.42
2024-02-07,3637.02,2861.35,1924.07,647.12,1143.76,2599.41
2024-02-08,3459.71,2852.43,1937.51,580.51,1237.71,2533.64
2024-02-09,3866.63,2842.26,1910.17,575.16,1213.16,2404.76
2024-02-10,3707.54,3032.21,1752.77,665.16,1309.25,2637.40
2024-02-11,3517.09,3213.88,1788.64,632.12,1325.51,2536.19
2024-02-12,3593.03,3091.11,1801.50,663.59,1271.44,2626.59
2024-02-13,3442.20,2969.24,1872.51,617.05,1171.74,2420.29
2024-02-14,3605.95,3024.04,1865.82,597.42,1186.66,2465.70
2024-02-15,4014.09,3325.22,2003.34,653.68,1306.93,2381.88
2024-02-16,3917.50,3198.39,1792.24,626.87,1329.21,2408.14
2024-02-17,3615.55,3046.23,1773.39,663.77,1297.08,2711.58
2024-02-18,3604.70,3385.08,2002.56,612.71,1320.35,2671.96
2024-02-19,4007.53,3294.48,1955.03,588.56,1343.12,2365.00
2024-02-20,3952.60,3052.34,1911.98,644.80,1246.11,2725.85
2024-02-21,3586.88,2943.60,1995.06,628.67,1225.09,2707.86
2024-02-22,3567.23,3275.97,1956.33,596.78,1337.75,2403.53
2024-02-23,3947.72,3026.66,1931.06,593.78,1241.20,2601.49
2024-02-24,4007.72,3022.51,1828.79,628.37,1211.06,2511.74
2024-02-25,3771.22,3320.44,1901.07,687.63,1256.48,2559.19
2024-02-26,3559.66,3345.62,1810.86,684.90,1293.28,2455.90
2024-02-27,3851.83,3060.28,1976.05,629.08,1272.98,2535.75
2024-02-28,3585.88,3030.81,2006.72,627.45,1368.30,2747.10
2024-02-29,3858.41,3070.19,1893.90,641.33,1366.06,2705.35
2024-03-01,4005.02,3254.49,2009.75,604.60,1192.25,2399.53
2024-03-02,3882.79,3056.77,2059.24,680.91,1379.62,2617.43
2024-03-03,3847.11,3303.94,2060.33,629.08,1338.16,2540.83
2024-03-04,4021.57,3024.66,1979.92,688.83,1200.60,2575.02
2024-03-05,3633.89,3386.19,1939.67,688.56,1230.44,2599.52
2024-03-06,3683.17,3267.86,1874.47,639.27,1287.93,2728.91
2024-03-07,3823.74,3058.53,2075.00,612.49,1238.29,2467.24
2024-03-08,3707.42,3298.07,1947.58,674.95,1322.11,2435.26
2024-03-09,3932.92,3211.74,1945.89,650.47,1248.60,2562.32
2024-03-10,3725.86,3044.95,2013.99,650.93,1231.12,2441.04
2024-03-11,3899.65,3076.87,1845.86,653.32,1393.41,2533.69
2024-03-12,4004.06,3494.42,1931.34,701.97,1213.82,2455.73
2024-03-13,3808.61,3461.47,1855.16,609.73,1403.50,2649.20
2024-03-14,3970.21,3163.01,1818.52,648.90,1370.87,2776.40
2024-03-15,4072.50,3306.05,1874.16,631.11,1248.43,2491.01
2024-03-16,4161.29,3254.76,1933.32,618.88,1367.15,2760.70
2024-03-17,3813.42,3209.06,2079.39,693.27,1401.25,2696.91
2024-03-18,4218.21,3342.13,1963.34,639.47,1379.12,2569.93
2024-03-19,4215.49,3387.99,1827.29,644.59,1293.88,2677.13
2024-03-20,4048.18,3152.02,1955.60,652.98,1273.46,2568.15
2024-03-21,3964.01,3081.04,2033.42,692.59,1322.64,2580.67
2024-03-22,4026.43,3130.83,2061.59,666.45,1328.38,2555.50
2024-03-23,3930.01,3091.82,1887.73,611.29,1234.50,2470.23
2024-03-24,3970.03,3082.31,2081.25,614.50,1279.61,2528.82
2024-03-25,4216.81,3230.17,2059.07,613.37,1386.70,2803.98
2024-03-26,4147.50,3452.82,1834.37,613.64,1289.20,2702.21
2024-03-27,4056.90,3330.17,2010.33,658.99,1276.05,2643.18
2024-03-28,3799.08,3380.19,1978.93,674.72,1344.84,2532.04
2024-03-29,3769.99,3140.46,1884.70,618.71,1333.81,2581.78
2024-03-30,4001.29,3307.60,1864.56,637.64,1279.06,2835.52
2024-03-31,3851.05,3278.68,1910.49,687.13,1259.60,2517.11
2024-03-31,3921.51,3115.81,2049.91,663.84,1278.14,2488.76
2024-04-01,3800.21,3392.55,1933.07,641.74,1297.85,2588.07
2024-04-02,3873.93,3166.04,1953.01,712.11,1299.74,2812.62
2024-04-03,3755.57,3538.21,1990.95,657.09,1362.76,2712.12
2024-04-04,4058.61,3291.21,1897.90,636.22,1270.56,2467.11
2024-04-05,3993.54,3425.20,2065.85,616.06,1344.70,2516.81
2024-04-06,4220.13,3407.55,1983.88,636.72,1314.24,2493.83
2024-04-07,3963.90,3505.85,1964.92,711.41,1355.84,2843.52
2024-04-08,3829.29,3247.62,1945.93,702.91,1410.81,2489.99
2024-04-09,3867.58,3285.44,1999.77,687.94,1405.26,2758.33
2024-04-10,3880.65,3409.76,2133.48,646.38,1233.97,2680.59
2024-04-11,4033.66,3352.61,1874.67,632.75,1245.14,2543.25
2024-04-12,3808.04,3290.90,1987.36,681.78,1290.32,2817.29
2024-04-13,4128.12,3556.52,2120.98,704.46,1267.69,2671.36
2024-04-14,3815.95,3163.80,2077.67,698.28,1338.69,2761.44
2024-04-15,3941.99,3268.66,1924.14,691.40,1372.92,2811.99
2024-04-16,3754.42,3055.78,1966.09,657.91,1406.72,2511.63
2024-04-17,3716.90,3515.29,2125.26,641.87,1369.74,2468.75
2024-04-18,3666.60,3082.26,1843.60,709.30,1337.79,2690.88
2024-04-19,3660.99,3125.46,1881.14,674.44,1298.66,2546.90
2024-04-20,3974.66,3197.03,1929.80,665.73,1288.75,2466.24
2024-04-21,3839.01,3089.09,1971.59,636.22,1268.06,2451.34
2024-04-22,3750.54,3200.45,1916.05,612.23,1252.96,2749.34
2024-04-23,4066.92,3450.33,1982.57,619.22,1248.90,2587.45
2024-04-24,3686.31,3340.20,1976.37,608.77,1324.23,2534.14
2024-04-25,4116.00,3104.84,1910.00,617.21,1261.67,2645.23
2024-04-26,4110.42,3391.72,1886.43,698.98,1303.18,2482.43
2024-04-27,4211.88,3369.11,1908.47,702.23,1370.74,2554.91
2024-04-28,3776.07,3400.07,1968.91,685.94,1267.91,2807.79
2024-04-29,3727.84,3140.92,2073.17,605.38,1377.18,2690.08
2024-04-30,3932.21,3048.03,1909.09,632.15,1299.13,2596.45
2024-05-01,4045.99,3085.01,1844.63,639.71,1341.10,2505.51
2024-05-02,4034.54,3200.02,1885.50,688.61,1204.89,2781.30
2024-05-03,3850.61,3370.00,1882.41,624.21,1251.74,2424.26
2024-05-04,3686.44,3200.45,1824.33,646.34,1280.25,2563.92
2024-05-05,4196.24,3131.42,1821.56,699.53,1273.10,2420.82
2024-05-06,4178.08,3488.44,1802.88,655.68,1358.54,2649.89
2024-05-07,3863.69,3390.84,2048.40,676.83,1379.23,2792.54
2024-05-08,3845.64,3011.97,2078.35,686.67,1369.43,2724.10
2024-05-09,3725.80,3036.97,1797.39,643.07,1210.50,2705.80
2024-05-10,3811.37,3376.80,1852.84,662.92,1206.99,2597.88
2024-05-11,3814.47,3313.01,1818.65,600.60,1376.63,2387.63
2024-05-12,4049.03,3332.19,1976.92,673.27,1323.50,2594.27
2024-05-13,3874.00,3048.10,2013.05,684.84,1222.94,2630.58
2024-05-14,4036.19,3400.02,2001.52,665.09,1210.33,2491.46
2024-05-15,4011.80,3397.57,2024.16,609.54,1240.27,2671.05
2024-05-16,3825.92,3072.81,1857.84,672.63,1314.18,2404.18
2024-05-17,3592.48,3193.47,2044.33,653.16,1246.93,2571.60
2024-05-18,3848.84,2937.63,1819.62,685.22,1265.10,2494.00
2024-05-19,3865.56,3105.13,1809.18,615.81,1241.26,2646.92
2024-05-20,3857.97,3329.89,1889.81,587.45,1365.84,2726.90
2024-05-21,4088.49,3099.23,1956.10,654.12,1307.62,2379.63
2024-05-22,3941.15,3050.25,1780.25,675.54,1310.80,2574.01
2024-05-23,3767.92,3203.44,1854.91,591.49,1305.76,2536.04
2024-05-24,4017.06,3394.39,1913.94,582.04,1242.04,2478.91
2024-05-25,3530.19,3326.27,1774.23,651.26,1220.72,2642.28
2024-05-26,3965.16,3046.42,1894.97,651.59,1160.56,2603.61
2024-05-27,3714.88,3228.70,1789.21,644.35,1252.48,2478.25
2024-05-28,3988.40,3042.10,1860.13,595.58,1340.69,2622.82
2024-05-29,3899.36,3366.95,1827.95,589.55,1329.48,2594.41
2024-05-30,3667.96,3193.76,1992.82,651.00,1205.40,2510.79
2024-05-31,3962.05,3044.74,1806.42,632.52,1181.54,2563.64
2024-06-01,3890.05,3187.66,1952.24,577.06,1290.16,2468.64
2024-06-02,3940.52,2996.54,1706.57,623.99,1332.24,2419.44
2024-06-03,3526.11,3273.31,1800.49,608.79,1311.05,2459.36
2024-06-04,3923.67,3072.68,1921.87,580.59,1215.07,2327.52
2024-06-05,3699.55,2843.75,1949.85,646.24,1310.78,2387.69
2024-06-06,3534.68,3127.53,1844.89,605.09,1303.67,2414.20
2024-06-07,3604.67,3267.48,1836.12,581.91,1129.77,2602.80
2024-06-08,3493.52,3053.89,1848.98,566.03,1155.99,2534.83
2024-06-09,3764.10,3257.99,1745.84,574.80,1207.45,2528.66
2024-06-10,3383.05,2821.73,1748.42,616.96,1285.93,2503.52
2024-06-11,3462.94,2916.90,1859.72,634.74,1254.56,2520.25
2024-06-12,3898.81,3036.26,1791.02,609.98,1125.58,2600.71
2024-06-13,3605.80,2986.20,1843.27,629.24,1132.69,2420.43
2024-06-14,3830.69,3187.70,1898.62,621.02,1260.00,2374.51
2024-06-15,3861.51,2915.80,1716.73,627.44,1294.37,2370.37
2024-06-16,3634.82,3100.59,1852.34,610.15,1142.78,2379.39
2024-06-17,3299.22,3156.77,1758.60,602.94,1197.82,2415.29
2024-06-18,3476.65,3005.64,1866.85,616.69,1253.66,2377.64
2024-06-19,3709.27,3113.62,1900.39,605.56,1122.77,2339.45
2024-06-20,3844.25,2835.78,1750.41,609.21,1267.79,2242.25
2024-06-21,3742.20,3130.87,1895.86,595.76,1117.62,2437.01
2024-06-22,3547.57,2847.01,1704.86,575.72,1119.80,2508.19
2024-06-23,3300.51,2734.37,1774.15,612.86,1133.24,2348.17
2024-06-24,3498.52,3170.93,1812.74,573.25,1225.83,2489.09
2024-06-25,3654.59,3110.74,1603.30,585.38,1225.36,2176.34
2024-06-26,3593.84,2953.08,1624.27,611.03,1115.05,2507.44
2024-06-27,3436.88,2699.18,1815.61,565.63,1246.00,2457.37
2024-06-28,3190.22,2726.19,1673.83,590.11,1095.96,2353.67
2024-06-29,3510.06,2870.65,1845.40,541.95,1103.08,2493.65
2024-06-30,3730.00,2750.30,1633.76,535.43,1221.07,2410.48
2024-07-01,3365.88,2858.31,1820.43,546.40,1151.00,2275.29
2024-07-02,3464.31,2903.75,1666.10,529.98,1225.37,2317.96
2024-07-03,3563.45,2867.23,1699.58,542.34,1099.82,2134.69
2024-07-04,3270.37,3042.14,1790.88,614.04,1049.89,2407.80
2024-07-05,3547.26,2763.47,1783.49,528.25,1060.15,2197.85
2024-07-06,3384.51,3057.99,1575.41,575.96,1147.35,2145.15
2024-07-07,3146.59,2751.53,1661.09,558.53,1113.34,2245.83
2024-07-08,3131.56,2648.22,1567.82,528.25,1095.03,2392.94
2024-07-09,3449.80,3029.13,1714.73,585.20,1099.58,2194.96
2024-07-10,3652.90,2976.98,1595.15,600.10,1182.84,2051.32
2024-07-11,3335.80,2719.13,1765.82,532.34,1092.75,2330.86
2024-07-12,3561.72,2700.11,1557.84,537.33,1034.34,2111.11
2024-07-13,3122.74,2971.76,1798.87,522.68,1173.08,2123.84
2024-07-14,3046.34,2801.01,1537.04,570.22,1167.54,2082.58
2024-07-15,3266.44,2827.88,1797.57,504.35,1039.55,2204.35
2024-07-16,3557.27,2827.93,1736.95,590.01,1156.89,2046.75
2024-07-17,3275.38,2550.01,1602.96,525.27,1112.42,2208.25
2024-07-18,3340.65,2605.28,1733.87,503.70,1125.38,2113.01
2024-07-19,3434.66,2502.28,1592.02,561.12,1045.72,2276.60
2024-07-20,3254.41,2541.95,1624.58,519.00,1125.97,2197.53
2024-07-21,3320.46,2879.42,1525.66,583.21,1067.54,2324.56
2024-07-22,3382.13,2540.45,1637.45,576.40,1073.82,2159.36
2024-07-23,3409.86,2842.03,1661.59,589.15,1152.70,2131.70
2024-07-24,3519.48,2810.44,1511.31,516.77,1129.07,2145.55
2024-07-25,3371.05,2779.10,1704.98,564.91,1166.14,2184.83
2024-07-26,3255.42,2644.08,1527.10,551.80,1151.74,1946.64
2024-07-27,2943.92,2913.53,1582.59,525.77,1126.69,2287.72
2024-07-28,3296.46,2723.92,1724.18,564.19,980.31,2276.85
2024-07-29,2985.39,2412.68,1619.33,508.51,1107.97,2131.00
2024-07-30,2959.22,2872.42,1517.76,502.78,1156.13,2269.30
2024-07-31,3302.26,2628.93,1456.19,502.44,1060.76,2020.20
2024-08-01,3058.11,2867.55,1563.62,515.67,1042.60,2052.45
2024-08-02,3317.56,2504.01,1627.07,571.21,1090.67,2235.27
2024-08-03,2901.05,2478.62,1434.43,537.41,997.11,2148.45
2024-08-04,2900.77,2838.91,1676.77,543.92,1046.51,2109.25
2024-08-05,3214.12,2861.06,1705.33,534.70,974.29,2063.37
2024-08-06,3118.41,2397.58,1443.96,487.90,1095.98,1939.88
2024-08-07,2940.84,2461.22,1594.06,534.89,1072.13,2203.44
2024-08-08,2946.81,2421.06,1673.94,493.54,964.72,1896.52
2024-08-09,3090.51,2593.96,1435.90,551.50,1026.02,2067.73
2024-08-10,3344.64,2594.22,1612.38,541.21,1044.34,2128.35
2024-08-11,3252.24,2383.53,1472.75,538.55,1004.98,1880.26
2024-08-12,3128.12,2638.31,1576.46,521.94,992.36,2031.75
2024-08-13,3151.28,2810.05,1586.58,552.78,1093.01,1880.60
2024-08-14,3160.80,2712.57,1677.28,497.37,969.96,2007.49
2024-08-15,3215.06,2719.85,1425.92,530.31,1029.70,2111.14
2024-08-16,2874.34,2641.17,1446.16,467.99,1060.37,1855.32
2024-08-17,3287.48,2499.69,1547.76,465.41,1020.33,2104.54
2024-08-18,3129.40,2300.00,1519.66,508.80,971.91,2074.41
2024-08-19,3327.62,2464.55,1460.01,523.71,959.09,1882.87
2024-08-20,2764.09,2677.82,1523.94,543.70,1034.15,2022.68
2024-08-21,3196.51,2319.45,1537.99,457.68,1053.96,1997.28
2024-08-22,3029.85,2528.08,1476.02,543.10,1103.83,2202.45
2024-08-23,3041.91,2482.63,1419.54,473.76,966.44,2020.63
2024-08-24,3003.38,2411.05,1501.99,472.37,1020.72,1961.44
2024-08-25,2998.70,2499.20,1443.98,517.16,1044.05,2117.15
2024-08-26,3228.96,2413.04,1429.50,458.07,1024.57,1809.04
2024-08-27,2742.18,2373.47,1455.79,530.51,1027.19,2004.49
2024-08-28,3159.18,2555.95,1499.05,519.68,927.05,1897.60
2024-08-29,3244.10,2441.98,1623.53,535.04,948.30,2181.17
2024-08-30,2901.99,2620.72,1409.91,456.38,1088.89,1963.40
2024-08-31,2822.98,2250.52,1446.85,470.39,1035.96,1934.81
2024-09-01,3087.28,2441.93,1517.85,533.52,1046.52,1898.57
2024-09-02,3070.75,2417.61,1365.58,512.67,1070.98,1827.80
2024-09-03,3085.70,2712.84,1548.20,481.75,1086.33,2046.37
2024-09-04,2800.35,2501.54,1565.84,447.53,958.43,1852.40
2024-09-05,2885.64,2304.00,1472.57,455.74,1083.81,2019.44
2024-09-06,2726.43,2681.67,1416.40,453.27,931.38,1809.78
2024-09-07,3094.74,2702.41,1557.02,452.76,895.98,2047.79
2024-09-08,2807.88,2682.45,1362.48,466.87,959.83,2007.36
2024-09-09,3013.68,2352.60,1544.44,463.64,974.23,1942.96
2024-09-10,3143.95,2297.59,1594.13,535.78,899.44,1939.94
2024-09-11,2982.79,2270.59,1407.18,448.74,1016.27,2148.21
2024-09-12,2682.06,2505.67,1494.57,508.48,1011.78,1968.03
2024-09-13,2892.87,2666.27,1579.88,509.61,1062.45,1937.63
2024-09-14,3007.22,2646.11,1472.39,488.31,929.83,1925.01
2024-09-15,2692.51,2359.85,1533.58,525.90,880.31,2051.13
2024-09-16,3184.49,2201.25,1327.25,474.35,951.61,1993.38
2024-09-17,3076.91,2339.00,1476.29,517.23,929.68,2028.28
2024-09-18,2939.46,2267.86,1527.19,501.65,901.41,1894.22
2024-09-19,3220.49,2290.44,1394.39,471.96,1062.20,1799.95
2024-09-20,2821.45,2502.79,1573.07,474.20,902.31,2139.51
2024-09-21,2880.71,2420.54,1346.70,511.86,1070.82,1946.67
2024-09-22,2906.40,2339.86,1385.54,445.07,1021.39,1922.47
2024-09-23,2843.18,2617.96,1383.00,446.65,928.56,2033.78
2024-09-24,2857.26,2666.63,1369.31,447.91,1017.10,1862.45
2024-09-25,2832.97,2212.92,1441.71,501.35,902.19,2031.69
2024-09-26,2751.15,2354.21,1463.18,484.26,1043.07,1885.28
2024-09-27,2706.77,2242.19,1315.49,509.05,879.38,1848.44
2024-09-28,2945.04,2564.59,1351.39,491.44,886.18,1926.11
2024-09-29,3102.99,2328.22,1335.89,520.62,1050.51,1938.24
2024-09-30,3140.17,2679.57,1561.59,511.20,897.88,2007.42
2024-10-01,3016.40,2213.96,1347.24,492.78,927.43,1823.92
2024-10-02,2863.92,2189.76,1394.20,480.39,880.65,1850.21
2024-10-03,3115.17,2611.67,1350.81,490.84,912.65,1920.00
2024-10-04,2991.23,2478.44,1423.84,479.28,907.72,1759.15
2024-10-05,2724.46,2412.44,1333.65,467.80,1032.14,2042.28
2024-10-06,2874.93,2438.75,1541.40,482.28,1046.34,1908.45
2024-10-07,2652.60,2383.76,1576.90,492.22,953.81,1841.71
2024-10-08,2661.26,2276.38,1332.26,439.79,949.68,2000.64
2024-10-09,2729.41,2519.25,1588.95,523.79,1001.57,2114.62
2024-10-10,3174.78,2366.10,1477.89,474.68,1055.42,2020.09
2024-10-11,3045.01,2468.31,1557.37,446.62,1064.47,2040.50
2024-10-12,2792.70,2255.93,1360.27,443.39,961.96,2125.60
2024-10-13,3159.33,2511.46,1418.68,480.17,932.31,1993.42
2024-10-14,2877.54,2514.86,1454.02,499.46,1082.45,1929.96
2024-10-15,2868.92,2564.03,1450.64,514.13,907.61,1986.68
2024-10-16,2815.80,2507.83,1408.85,537.22,1006.63,2014.84
2024-10-17,2823.80,2291.02,1490.26,465.74,922.93,1811.68
2024-10-18,2957.05,2607.27,1612.05,538.89,930.26,1845.07
2024-10-19,3004.96,2303.92,1378.56,471.00,951.75,1786.77
2024-10-20,2896.76,2400.04,1407.26,506.52,972.85,2100.26
2024-10-21,3200.31,2722.09,1346.01,482.91,993.00,1788.52
2024-10-22,2800.17,2672.27,1407.53,536.84,1087.58,1808.17
2024-10-23,2778.63,2670.18,1428.56,506.57,1035.68,1925.47
2024-10-24,3182.31,2493.70,1458.60,496.08,999.19,1871.77
2024-10-25,2872.84,2426.25,1548.06,512.79,1011.33,2035.74
2024-10-26,3101.23,2616.40,1505.59,458.26,1092.43,2168.76
2024-10-28,2946.33,2667.78,1519.37,512.01,1084.22,2119.76
2024-10-29,2751.26,2426.12,1451.26,496.37,927.41,1885.37
2024-10-30,2760.89,2743.19,1578.32,533.87,921.54,2076.11
2024-10-31,2757.88,2361.48,1469.83,503.62,1102.09,1993.36
2024-11-01,2888.94,2310.63,1663.43,496.50,1034.64,1975.39
2024-11-02,2881.41,2475.05,1525.76,482.82,1016.53,2211.30
2024-11-03,2775.45,2572.01,1462.03,495.13,1007.71,1919.88
2024-11-04,2918.39,2525.39,1386.86,472.30,1073.48,2090.87
2024-11-05,3248.80,2380.01,1416.48,531.28,1100.26,1952.19
2024-11-06,3051.62,2802.94,1450.23,549.90,990.13,2186.40
2024-11-07,3114.01,2518.88,1630.49,549.09,926.63,1932.02
2024-11-08,2941.61,2627.02,1583.45,476.20,1000.34,2211.28
2024-11-09,3145.43,2587.60,1522.60,509.93,938.50,1889.23
2024-11-10,3100.29,2491.52,1628.65,502.28,1025.72,2201.89
2024-11-11,3069.23,2631.68,1644.60,479.99,1029.71,2097.77
2024-11-12,2815.88,2357.94,1434.72,488.32,965.21,1984.71
2024-11-13,3321.42,2738.92,1568.56,508.31,1068.66,2201.81
2024-11-14,2927.29,2389.19,1458.97,483.83,1016.07,2251.04
2024-11-15,3329.47,2634.51,1486.95,510.80,1015.95,2121.71
2024-11-16,3221.94,2601.98,1665.81,482.05,1026.06,2064.93
2024-11-17,3446.24,2735.57,1561.48,490.56,1111.14,2175.56
2024-11-18,3351.27,2519.13,1631.36,504.44,979.94,2254.09
2024-11-19,3404.03,2482.64,1719.30,529.14,1066.37,2287.34
2024-11-20,3220.43,2594.26,1473.62,536.36,1123.15,2314.20
2024-11-21,3394.29,2724.28,1480.40,498.31,1098.94,2163.91
2024-11-22,3447.39,2498.17,1533.11,570.58,1134.31,2207.62
2024-11-23,3083.63,2480.01,1613.86,507.75,1160.17,2286.83
2024-11-24,3511.96,2764.07,1740.53,518.79,1104.02,2129.10
2024-11-25,3256.29,2704.65,1755.10,504.54,1023.56,2209.84
2024-11-26,3394.48,2535.59,1501.79,564.34,998.57,2289.92
2024-11-27,3286.81,2645.78,1595.07,528.60,1026.96,2137.86
2024-11-28,3470.26,2478.63,1498.00,575.42,1128.42,2238.56
2024-11-29,3310.80,2583.36,1589.09,571.13,1021.46,2045.37
2024-11-30,3466.26,2482.68,1722.19,562.73,1187.45,2275.94
2024-12-01,3321.66,2731.86,1523.90,561.37,1102.13,2330.33
2024-12-02,3270.49,2509.18,1539.51,516.27,1040.13,2161.87
2024-12-03,3026.91,2870.65,1592.02,520.90,1199.61,2103.92
2024-12-04,3511.85,2864.79,1647.08,528.12,1045.07,2371.57
2024-12-05,3343.41,2996.31,1616.54,591.58,1067.28,2308.81
2024-12-06,3137.82,2875.93,1647.43,531.39,1101.02,2275.84
2024-12-07,3192.79,2840.05,1768.66,604.28,1193.61,2399.62
2024-12-08,3301.31,2890.17,1575.48,518.41,1167.54,2159.56
2024-12-09,3628.92,2824.37,1614.21,519.20,1147.06,2276.00
2024-12-10,3178.57,2952.79,1620.83,571.49,1038.75,2231.61
2024-12-11,3617.74,3054.93,1657.91,602.32,1061.64,2327.05
2024-12-12,3279.86,2998.44,1685.25,542.89,1118.54,2309.63
2024-12-13,3528.18,2766.87,1728.31,555.91,1105.80,2137.82
2024-12-14,3629.95,2793.77,1819.06,577.33,1115.85,2270.09
2024-12-15,3349.65,2649.38,1812.52,603.55,1205.42,2332.20
2024-12-16,3311.24,2682.59,1599.98,544.43,1239.15,2364.51
2024-12-17,3344.38,2663.74,1791.51,534.22,1067.88,2198.99
2024-12-18,3662.38,3007.27,1782.80,553.12,1234.65,2484.16
2024-12-19,3503.21,2882.13,1730.29,578.91,1239.07,2267.14
2024-12-20,3767.89,3090.25,1686.64,536.80,1105.06,2362.84
2024-12-21,3264.15,2847.04,1867.68,543.86,1064.50,2162.09
2024-12-22,3428.70,2899.03,1784.68,555.39,1196.03,2365.12
2024-12-23,3755.37,3156.03,1690.11,604.55,1083.88,2150.26
2024-12-24,3390.98,2941.92,1844.21,578.03,1249.05,2401.67
2024-12-25,3816.69,3041.41,1726.23,562.13,1112.33,2171.35
2024-12-26,3440.16,3132.07,1698.78,558.20,1143.48,2499.33
2024-12-27,3660.35,3114.14,1876.41,560.83,1238.55,2522.59
2024-12-28,3454.01,2912.24,1672.39,568.33,1192.59,2401.97
2024-12-29,3773.34,2790.48,1658.96,564.01,1152.29,2383.85
2024-12-30,3756.45,2861.74,1854.62,558.73,1283.53,2523.28