"month","quarter","is_weekend","promotion_active","channel","total_spend","total_revenue","roas"
"2023-01-01","2023-01-01",0,0,"affiliate",15727.21,76679.6581825734870441214226,4.8756046484133859116856
"2023-01-01","2023-01-01",1,0,"affiliate",7350.03,38986.0224713568977769667684,5.3041990946100761190045
"2023-01-01","2023-01-01",0,1,"affiliate",7221.35,41191.8864093863420694320266,5.7041808539104657812503
"2023-01-01","2023-01-01",1,1,"affiliate",2066.05,12691.3297842894961107333495,6.1427989566029360909626
"2023-01-01","2023-01-01",0,0,"display",23671.32,115353.6810411981679920804558,4.8731410433046474802453
"2023-01-01","2023-01-01",1,0,"display",11024.18,58535.4676922421777610437440,5.3097343922398017594999
"2023-01-01","2023-01-01",0,1,"display",11263.69,64373.2722692064619080524067,5.7151139874416343052812
"2023-01-01","2023-01-01",1,1,"display",3114.76,19193.7116627689609865758041,6.1621799633901042091769
"2023-01-01","2023-01-01",0,0,"email",7796.53,37992.4808698859489002782618,4.8729987404506811235612
"2023-01-01","2023-01-01",1,0,"email",3727.13,19747.7128255702268187631553,5.2983697444334452564743
"2023-01-01","2023-01-01",0,1,"email",3721.09,21248.2070868373397381051117,5.7102104724253752900642
"2023-01-01","2023-01-01",1,1,"email",1001.31,6152.1396084652973785106364,6.1440908494525145844051
"2023-01-01","2023-01-01",0,0,"paid_search",48013.39,234166.3490886554461180747476,4.8771050969043311900717
"2023-01-01","2023-01-01",1,0,"paid_search",22646.82,119837.4660220464705000405961,5.2915802758200255267645
"2023-01-01","2023-01-01",0,1,"paid_search",21774.10,124024.0719029665179758506908,5.6959448107139453743599
"2023-01-01","2023-01-01",1,1,"paid_search",6620.55,40704.5726464294108126339650,6.1482161824062065557445
"2023-01-01","2023-01-01",0,0,"paid_social",39901.01,194427.0521266647069576283582,4.8727351043661477982043
"2023-01-01","2023-01-01",1,0,"paid_social",18688.15,99154.8390303257476926667384,5.3057600153212462278324
"2023-01-01","2023-01-01",0,1,"paid_social",19204.04,109611.9340833223484797485918,5.7077538936245888094249
"2023-01-01","2023-01-01",1,1,"paid_social",4977.04,30595.7417586196812576637167,6.1473771074011222046967
"2023-01-01","2023-01-01",0,0,"tv",31122.78,151785.2086910222429910071626,4.8769810630998337227911
"2023-01-01","2023-01-01",1,0,"tv",14856.34,78854.3819584584794516660247,5.3077933029574228545972
"2023-01-01","2023-01-01",0,1,"tv",14421.89,82392.6382482809898286477856,5.7130263958663524564844
"2023-01-01","2023-01-01",1,1,"tv",4253.72,26123.0345394271534545775128,6.1412209876125258490398
"2023-02-01","2023-01-01",0,0,"affiliate",14964.01,74676.1432085287919191501925,4.9903831398487966740967
"2023-02-01","2023-01-01",1,0,"affiliate",5691.47,30748.8824766925201707257289,5.4026257674541937620203
"2023-02-01","2023-01-01",0,1,"affiliate",8134.54,45743.9306872190208915493718,5.6234194788173665494975
"2023-02-01","2023-01-01",1,1,"affiliate",3338.61,19842.1104196439000618600379,5.9432250007170349522286
"2023-02-01","2023-01-01",0,0,"display",22796.28,113843.7049857518675886543721,4.9939597594761894304095
"2023-02-01","2023-01-01",1,0,"display",8374.86,45196.6672981451250589286931,5.3967072044362681954001
"2023-02-01","2023-01-01",0,1,"display",12089.06,67986.9508687075717202991618,5.6238409660227984409292
"2023-02-01","2023-01-01",1,1,"display",5332.01,31726.7111045890184136194958,5.9502347341038404679698
"2023-02-01","2023-01-01",0,0,"email",7389.43,36880.9034731322998382489526,4.9910349611718765639906
"2023-02-01","2023-01-01",1,0,"email",2825.45,15255.4623548090787493168648,5.3993035993590680243207
"2023-02-01","2023-01-01",0,1,"email",4038.01,22707.2818408259301847347806,5.6233842513579535921741
"2023-02-01","2023-01-01",1,1,"email",1714.45,10193.0342516394599346815821,5.9453668824634488813798
"2023-02-01","2023-01-01",0,0,"paid_search",44254.89,220872.1485011036830647196579,4.9909094452862425613242
"2023-02-01","2023-01-01",1,0,"paid_search",17720.93,95494.8137637380179815139202,5.3888150206415813380852
"2023-02-01","2023-01-01",0,1,"paid_search",25071.56,140808.6697534268182382263976,5.6162707766659441310483
"2023-02-01","2023-01-01",1,1,"paid_search",10690.97,63518.6951553039682437001002,5.9413406973645953775663
"2023-02-01","2023-01-01",0,0,"paid_social",37902.63,189265.7189529375598653289221,4.9934719293341269422552
"2023-02-01","2023-01-01",1,0,"paid_social",14186.41,76587.2895315832709560956523,5.3986378182770180021651
"2023-02-01","2023-01-01",0,1,"paid_social",20777.02,116824.8811121629025390627035,5.6227929275787818724275
"2023-02-01","2023-01-01",1,1,"paid_social",8677.22,51590.2790511392507119384016,5.9454847348735252433312
"2023-02-01","2023-01-01",0,0,"tv",29892.22,149316.4208785457977257801334,4.9951599740181825814804
"2023-02-01","2023-01-01",1,0,"tv",11238.56,60594.5545750319870821432715,5.3916653534822955149186
"2023-02-01","2023-01-01",0,1,"tv",15747.53,88657.3857376577564275046231,5.6299232792480951887378
"2023-02-01","2023-01-01",1,1,"tv",7136.76,42408.9600176844026356300417,5.9423267726089153391217
"2023-03-01","2023-01-01",0,0,"affiliate",18972.16,97306.5539539577650554154607,5.1289127834657606226922
"2023-03-01","2023-01-01",1,0,"affiliate",14150.37,80535.2384326064736063004586,5.6913874642575758518187
"2023-03-01","2023-01-01",0,1,"affiliate",8525.97,48895.7879670690839960135390,5.7349237643422489166644
"2023-03-01","2023-01-01",1,1,"affiliate",3508.99,21119.5292984477492019997323,6.0186917883629617644963
"2023-03-01","2023-01-01",0,0,"display",28538.00,146518.8429260993674377698665,5.1341664771917922572629
"2023-03-01","2023-01-01",1,0,"display",22835.96,130194.6034082042149859840179,5.7012975766380837497519
"2023-03-01","2023-01-01",0,1,"display",12305.44,70649.0337956214835083294038,5.7412846509853758588339
"2023-03-01","2023-01-01",1,1,"display",5337.04,32092.3160496994997753020720,6.0131301338756126570725
"2023-03-01","2023-01-01",0,0,"email",9773.40,50196.9313425360851761136148,5.1360766307053927165688
"2023-03-01","2023-01-01",1,0,"email",7266.42,41376.1604385467324892899690,5.6941603208384228394849
"2023-03-01","2023-01-01",0,1,"email",4095.06,23592.5373737456143143313586,5.7612189745072390427323
"2023-03-01","2023-01-01",1,1,"email",1920.62,11558.2734322586122117054083,6.0179907697819517716703
"2023-03-01","2023-01-01",0,0,"paid_search",59068.38,302877.9139486181617055133055,5.1275811855449254187353
"2023-03-01","2023-01-01",1,0,"paid_search",43829.21,249625.3821831029777360974752,5.6954113976296396338446
"2023-03-01","2023-01-01",0,1,"paid_search",25591.53,147032.6697163532261818722843,5.7453645685253373355119
"2023-03-01","2023-01-01",1,1,"paid_search",11196.73,67377.1059833731578619672326,6.0175699497418583695389
"2023-03-01","2023-01-01",0,0,"paid_social",47910.32,245831.2130391674186079907029,5.1310701543877690361490
"2023-03-01","2023-01-01",1,0,"paid_social",36966.75,210530.7877453494855287456460,5.6951392195783910007979
"2023-03-01","2023-01-01",0,1,"paid_social",21695.57,124842.2196450412372506532706,5.7542723996208090983852
"2023-03-01","2023-01-01",1,1,"paid_social",8939.32,53864.2219777536741091897121,6.0255390765465017595510
"2023-03-01","2023-01-01",0,0,"tv",38948.12,199916.3347896212020138961816,5.1328879234638591545342
"2023-03-01","2023-01-01",1,0,"tv",30101.62,171430.6377921901156535824333,5.6950635145945671911871
"2023-03-01","2023-01-01",0,1,"tv",17011.05,97942.8515021693547487510869,5.7576017648628012232491
"2023-03-01","2023-01-01",1,1,"tv",7131.14,42901.0032584673068398358427,6.0160091175418385895994
"2023-04-01","2023-04-01",0,0,"affiliate",12384.38,63044.1665307760465056365172,5.0906195167441605074809
"2023-04-01","2023-04-01",1,0,"affiliate",7183.24,39293.9145229937747216510172,5.4702215884466862755040
"2023-04-01","2023-04-01",0,1,"affiliate",12255.34,70335.9191622256124885759313,5.7392058614632978349500
"2023-04-01","2023-04-01",1,1,"affiliate",4851.66,29375.2156350307820934595139,6.0546731706324808608723
"2023-04-01","2023-04-01",0,0,"display",18061.47,91944.0973797971490483859858,5.0906209394804049198867
"2023-04-01","2023-04-01",1,0,"display",10657.92,58261.2172515982767658017223,5.4664716240690750883664
"2023-04-01","2023-04-01",0,1,"display",18526.89,106556.3467325102248490350673,5.7514427263566753431923
"2023-04-01","2023-04-01",1,1,"display",7487.37,45379.3197724665276284523734,6.0607823271010418382493
"2023-04-01","2023-04-01",0,0,"email",6115.24,31215.0729127330835951077624,5.1044722550109371987212
"2023-04-01","2023-04-01",1,0,"email",3651.29,19942.1230564355612866927954,5.4616650708203296058907
"2023-04-01","2023-04-01",0,1,"email",6156.67,35417.6632299853163413166078,5.7527304906687083019419
"2023-04-01","2023-04-01",1,1,"email",2418.19,14677.9166345617348058579112,6.0697946127317269552260
"2023-04-01","2023-04-01",0,0,"paid_search",37213.75,189649.8567456286380557830175,5.0962307412079846308363
"2023-04-01","2023-04-01",1,0,"paid_search",21599.68,118075.0792121971612437052914,5.4665198378956151778038
"2023-04-01","2023-04-01",0,1,"paid_search",36494.27,209600.2980462285485544050560,5.7433755503597838387891
"2023-04-01","2023-04-01",1,1,"paid_search",14151.65,85823.7886297919507292843128,6.0645782385652521599449
"2023-04-01","2023-04-01",0,0,"paid_social",30174.53,153649.2544055304934059919527,5.0920181492646445000466
"2023-04-01","2023-04-01",1,0,"paid_social",18597.08,101647.2668559348955433680064,5.4657648865270728277433
"2023-04-01","2023-04-01",0,1,"paid_social",30690.85,176216.2399749598161556680569,5.7416539449040940917462
"2023-04-01","2023-04-01",1,1,"paid_social",12529.18,75858.1206123700729448259546,6.0545159868698568417746
"2023-04-01","2023-04-01",0,0,"tv",24040.84,122563.9020255345893910211812,5.0981538925234970737720
"2023-04-01","2023-04-01",1,0,"tv",14593.64,79854.4591008403304395094051,5.4718671353302075725802
"2023-04-01","2023-04-01",0,1,"tv",24448.82,140306.8428540904816110298204,5.7387981446176331459363
"2023-04-01","2023-04-01",1,1,"tv",9661.24,58583.0887157789317981893577,6.0637235712785244749317
"2023-05-01","2023-04-01",0,0,"affiliate",16694.64,82775.4243882160600567445281,4.9582036143466441957865
"2023-05-01","2023-04-01",1,0,"affiliate",5802.86,30587.3951889257206476732136,5.2710896332025450635847
"2023-05-01","2023-04-01",0,1,"affiliate",10591.14,61025.2578887718765301523935,5.7619158927907549640692
"2023-05-01","2023-04-01",1,1,"affiliate",3718.55,22715.3651821606679479716026,6.1086620274463616054569
"2023-05-01","2023-04-01",0,0,"display",24778.13,122720.4172015797338975865432,4.9527715449704934915422
"2023-05-01","2023-04-01",1,0,"display",8819.40,46558.0251999574583215679468,5.2790467832230603353480
"2023-05-01","2023-04-01",0,1,"display",15580.49,89990.5577995929731621366104,5.7758490137083604663356
"2023-05-01","2023-04-01",1,1,"display",5408.47,33052.4615083524497122885058,6.1112406111806943021388
"2023-05-01","2023-04-01",0,0,"email",8213.88,40717.6908656714989536410588,4.9571811209405906774437
"2023-05-01","2023-04-01",1,0,"email",2937.58,15485.0728930716561956410721,5.2713706156331593337513
"2023-05-01","2023-04-01",0,1,"email",5167.84,29849.3765171579852308551278,5.7759869727309640451049
"2023-05-01","2023-04-01",1,1,"email",1704.97,10420.3215963233851975465192,6.1117331075170737300636
"2023-05-01","2023-04-01",0,0,"paid_search",49631.78,246054.9761790316625125408727,4.9576093418175141514679
"2023-05-01","2023-04-01",1,0,"paid_search",18679.33,98474.8860082992551620695007,5.2718639270412405135553
"2023-05-01","2023-04-01",0,1,"paid_search",31644.63,182382.5150208276668927070261,5.7634586032710025964186
"2023-05-01","2023-04-01",1,1,"paid_search",10351.41,63225.8490229395819859800989,6.1079455864408406184259
"2023-05-01","2023-04-01",0,0,"paid_social",41191.24,204008.4736112213910646496028,4.9527150338572325345061
"2023-05-01","2023-04-01",1,0,"paid_social",14683.36,77347.5232044968615232344839,5.2676991645302479489187
"2023-05-01","2023-04-01",0,1,"paid_social",26773.20,154615.7663365891441427382958,5.7750200325918883115481
"2023-05-01","2023-04-01",1,1,"paid_social",8662.02,52942.9576991401585708646390,6.1120798265462511713047
"2023-05-01","2023-04-01",0,0,"tv",32881.79,162863.0977542796535141067899,4.9529875883970931483385
"2023-05-01","2023-04-01",1,0,"tv",11533.28,60801.6175052490481485112016,5.2718409251530395645047
"2023-05-01","2023-04-01",0,1,"tv",20519.81,118577.0864370603540393410995,5.7786639562968835500592
"2023-05-01","2023-04-01",1,1,"tv",7282.44,44468.1949910837565853313717,6.1062219518573110915203
"2023-06-01","2023-04-01",0,0,"affiliate",15574.80,73707.5496734298124004794254,4.7324877156322914195033
"2023-06-01","2023-04-01",1,0,"affiliate",8880.30,46136.3461844551344216608319,5.1953589613476047455222
"2023-06-01","2023-04-01",0,1,"affiliate",8855.79,46813.2892383939806719799675,5.2861787868043371254264
"2023-06-01","2023-04-01",0,0,"display",22923.31,108454.1407263264054041090768,4.7311727986196760155540
"2023-06-01","2023-04-01",1,0,"display",13379.65,69563.6342753962488191755075,5.1992118086344746551050
"2023-06-01","2023-04-01",0,1,"display",13065.88,69038.3314029708139297522088,5.2838638808079374622874
"2023-06-01","2023-04-01",0,0,"email",7722.26,36560.9669715469916852997857,4.7344905470091646338377
"2023-06-01","2023-04-01",1,0,"email",4317.29,22463.5581016764973189926937,5.2031617291579896923748
"2023-06-01","2023-04-01",0,1,"email",4364.41,23047.5399541231242312566288,5.2807916657974672936907
"2023-06-01","2023-04-01",0,0,"paid_search",46911.09,221855.1448601295795509393285,4.7292685985367123115438
"2023-06-01","2023-04-01",1,0,"paid_search",26143.76,135961.7933892870677083659515,5.2005447337830162038041
"2023-06-01","2023-04-01",0,1,"paid_search",25296.60,133554.9312909064855267603752,5.2795605453265057567721
"2023-06-01","2023-04-01",0,0,"paid_social",38262.83,181098.3805709002113588313875,4.7330106155477838769069
"2023-06-01","2023-04-01",1,0,"paid_social",22600.22,117411.9075069582125781198725,5.1951665739076085355859
"2023-06-01","2023-04-01",0,1,"paid_social",22489.96,118618.2011619023099528529522,5.2742735497040594982318
"2023-06-01","2023-04-01",0,0,"tv",30324.09,143314.1971976669995981167134,4.7260840209109984701311
"2023-06-01","2023-04-01",1,0,"tv",17597.90,91399.9305422268391525275895,5.1937975862021513449064
"2023-06-01","2023-04-01",0,1,"tv",17522.88,92495.4169517032856886091209,5.2785510687571498343086
"2023-07-01","2023-07-01",0,0,"affiliate",15846.40,73535.2143980537967820596003,4.6404996969692672646191
"2023-07-01","2023-07-01",1,0,"affiliate",6949.08,33501.0982259318158779577174,4.8209400706182423972609
"2023-07-01","2023-07-01",0,1,"affiliate",5066.56,26034.4263448147706765899261,5.1384817992513205560755
"2023-07-01","2023-07-01",1,1,"affiliate",3004.02,18563.2938642851039293957661,6.1794841127173267586087
"2023-07-01","2023-07-01",0,0,"display",24114.14,111878.1344065269236896498387,4.6395241300965708787313
"2023-07-01","2023-07-01",1,0,"display",10554.45,50810.9847037982356913014324,4.8141764567360910034442
"2023-07-01","2023-07-01",0,1,"display",7362.40,37971.1542277233736811846741,5.1574424410142580790482
"2023-07-01","2023-07-01",1,1,"display",4485.12,27777.2216328374569120287015,6.1931947490451664419299
"2023-07-01","2023-07-01",0,0,"email",8235.46,38104.8071442431359061909506,4.6269190967162897890574
"2023-07-01","2023-07-01",1,0,"email",3511.55,16954.8385146400291413545774,4.8283061652660589031495
"2023-07-01","2023-07-01",0,1,"email",2599.35,13363.6988088261941975364930,5.1411694496032447333127
"2023-07-01","2023-07-01",1,1,"email",1587.45,9842.1120676304620575590015,6.1999509071973681423409
"2023-07-01","2023-07-01",0,0,"paid_search",47778.45,221357.6721265953821336723495,4.6330023708721271228697
"2023-07-01","2023-07-01",1,0,"paid_search",21240.78,102502.3169907953857353251304,4.8257322466875221030172
"2023-07-01","2023-07-01",0,1,"paid_search",14421.22,74188.6659845566161425238753,5.1444098338806714093900
"2023-07-01","2023-07-01",1,1,"paid_search",8889.41,54628.2242929701536291585462,6.1453149638693854405589
"2023-07-01","2023-07-01",0,0,"paid_social",40157.53,186119.5098495785410379792133,4.6347350011212975757717
"2023-07-01","2023-07-01",1,0,"paid_social",18107.27,87412.6179440537253714857396,4.8274874094247076103403
"2023-07-01","2023-07-01",0,1,"paid_social",12634.54,64995.8134264676564282548873,5.1442959875442759632131
"2023-07-01","2023-07-01",1,1,"paid_social",7609.83,47008.0908871435725183367641,6.1772852858925327528127
"2023-07-01","2023-07-01",0,0,"tv",31514.73,146041.5120750022204529203723,4.6340714984707855803594
"2023-07-01","2023-07-01",1,0,"tv",13861.13,66754.9836207808081820311781,4.8159842394365256066447
"2023-07-01","2023-07-01",0,1,"tv",9849.59,50659.4212076113888739105349,5.1433025341777057597230
"2023-07-01","2023-07-01",1,1,"tv",5846.23,36131.0372551332509534083121,6.1802284985594564280585
"2023-08-01","2023-07-01",0,0,"affiliate",15061.98,63152.8926006438351358696042,4.1928679098394656702419
"2023-08-01","2023-07-01",1,0,"affiliate",5626.66,26950.1321190200952700856910,4.7897210990214612701115
"2023-08-01","2023-07-01",0,1,"affiliate",6636.31,33059.1589790934451321291167,4.9815573683407564041055
"2023-08-01","2023-07-01",1,1,"affiliate",1743.89,8971.6357592253500554027669,5.1446110472709574889487
"2023-08-01","2023-07-01",0,0,"display",21955.47,91779.3693829406435146323647,4.1802507248963763251086
"2023-08-01","2023-07-01",1,0,"display",8134.23,39010.9868657021894974362056,4.7959040825870659542988
"2023-08-01","2023-07-01",0,1,"display",9525.75,47282.3178120690056938590751,4.9636320302410839769949
"2023-08-01","2023-07-01",1,1,"display",2818.12,14511.9822874732347411139912,5.1495260270936776081622
"2023-08-01","2023-07-01",0,0,"email",7215.57,30224.4697864981037459599303,4.1887847788183197926096
"2023-08-01","2023-07-01",1,0,"email",2717.98,12977.4113000074983843955703,4.7746529775816961068130
"2023-08-01","2023-07-01",0,1,"email",3270.20,16269.4550364396789833736437,4.9750642273988376806843
"2023-08-01","2023-07-01",1,1,"email",885.96,4560.4558713196113691763297,5.1474737813440915720533
"2023-08-01","2023-07-01",0,0,"paid_search",43050.74,180592.5616076949545864610298,4.1948770592025817578620
"2023-08-01","2023-07-01",1,0,"paid_search",16736.26,80350.2529000461511588000138,4.8009682509740020266655
"2023-08-01","2023-07-01",0,1,"paid_search",20009.08,99519.6969494653745522850531,4.9737267755171839261118
"2023-08-01","2023-07-01",1,1,"paid_search",5546.95,28561.1401000785181990785685,5.1489809895669725162618
"2023-08-01","2023-07-01",0,0,"paid_social",36310.42,151915.1303806420561040466259,4.1837888512620359694007
"2023-08-01","2023-07-01",1,0,"paid_social",14201.91,68065.4667449361747354429701,4.7926980768738975768360
"2023-08-01","2023-07-01",0,1,"paid_social",16416.52,81658.0401613132729704895683,4.9741382559344655853061
"2023-08-01","2023-07-01",1,1,"paid_social",4992.17,25695.3503228756063753286383,5.1471304708925389911258
"2023-08-01","2023-07-01",0,0,"tv",29707.48,124415.7262415804069119631264,4.1880269292979548218820
"2023-08-01","2023-07-01",1,0,"tv",10967.76,52594.8700702878909534710214,4.7954067257387006055449
"2023-08-01","2023-07-01",0,1,"tv",13037.50,64892.2710616192226683557428,4.9773554026170065325680
"2023-08-01","2023-07-01",1,1,"tv",3599.82,18519.8256590276792604053756,5.1446532490590305238610
"2023-09-01","2023-07-01",0,0,"affiliate",12025.50,46831.1515725769655412023601,3.8943205332482612399653
"2023-09-01","2023-07-01",1,0,"affiliate",5226.98,23168.3362643691713725430686,4.4324516765645117013157
"2023-09-01","2023-07-01",0,1,"affiliate",5923.58,28346.9855642586368373420367,4.7854482532959184880329
"2023-09-01","2023-07-01",1,1,"affiliate",2729.11,14812.3131833232809477596235,5.4275251577705848968197
"2023-09-01","2023-07-01",0,0,"display",18508.59,72168.7136697636940576259241,3.8992010558213075149229
"2023-09-01","2023-07-01",1,0,"display",7638.58,33828.9599476369728126351121,4.4286974735666803008720
"2023-09-01","2023-07-01",0,1,"display",9373.81,45040.5608639800525866125548,4.8049363987514204562086
"2023-09-01","2023-07-01",1,1,"display",3796.65,20614.0067381300319471673133,5.4295251703817923556734
"2023-09-01","2023-07-01",0,0,"email",6096.19,23776.8952047684066083652779,3.9002877542806911543711
"2023-09-01","2023-07-01",1,0,"email",2611.59,11551.4582793129750098672272,4.4231515204580255744076
"2023-09-01","2023-07-01",0,1,"email",3254.04,15590.4536086282622216908987,4.7911069343426209332678
"2023-09-01","2023-07-01",1,1,"email",1320.69,7169.8305493845812062137864,5.4288520011392387359742
"2023-09-01","2023-07-01",0,0,"paid_search",37378.35,145311.7800254655531971575343,3.8875921496124241224441
"2023-09-01","2023-07-01",1,0,"paid_search",15635.83,69261.7008793788248093761635,4.4296785574784853000689
"2023-09-01","2023-07-01",0,1,"paid_search",18934.38,90398.6887034421059298825791,4.7743146965172403812474
"2023-09-01","2023-07-01",1,1,"paid_search",8070.97,43805.7039505620627832779290,5.4275637191765132051387
"2023-09-01","2023-07-01",0,0,"paid_social",31437.87,122315.5384721356300875214808,3.8907069235967840724426
"2023-09-01","2023-07-01",1,0,"paid_social",13293.70,58707.3838380072240219646266,4.4161808855327880140190
"2023-09-01","2023-07-01",0,1,"paid_social",15236.31,72928.8120351987187796254005,4.7865140598477399566972
"2023-09-01","2023-07-01",1,1,"paid_social",6825.92,37054.5005848349902483077222,5.4284991011958813241743
"2023-09-01","2023-07-01",0,0,"tv",24862.06,96771.7910552897505088356107,3.8923480618778070083024
"2023-09-01","2023-07-01",1,0,"tv",10304.59,45560.4807912948319736138020,4.4213773465314808229744
"2023-09-01","2023-07-01",0,1,"tv",11772.01,56384.7992244922236457352971,4.7897342275866418432991
"2023-09-01","2023-07-01",1,1,"tv",4907.90,26643.8049937650528667624885,5.4287587346451746911637
"2023-10-01","2023-10-01",0,0,"affiliate",16270.68,63286.1524480399038030493517,3.8895825157915897677939
"2023-10-01","2023-10-01",1,0,"affiliate",3693.44,16148.2177087102892613220964,4.3721348414243332127562
"2023-10-01","2023-10-01",0,1,"affiliate",3411.56,16704.8040645049504871080843,4.8965294658469880310204
"2023-10-01","2023-10-01",1,1,"affiliate",3634.67,19322.1552089346452664830031,5.3160686414267719673266
"2023-10-01","2023-10-01",0,0,"display",23910.36,93078.9932678700730670400406,3.8928311103584418246752
"2023-10-01","2023-10-01",1,0,"display",5299.42,23122.6600583584071080911710,4.3632435357753126017736
"2023-10-01","2023-10-01",0,1,"display",5247.02,25739.8729195854273024135307,4.9056174589739370733128
"2023-10-01","2023-10-01",1,1,"display",5199.34,27616.5515124706473490716974,5.3115494490590435226532
"2023-10-01","2023-10-01",0,0,"email",7917.00,30808.5307935877154302803044,3.8914400396094120791058
"2023-10-01","2023-10-01",1,0,"email",1759.02,7682.8562856363722638412600,4.3676912631103525052821
"2023-10-01","2023-10-01",0,1,"email",1627.98,7977.0217252309651176775698,4.8999506905680445200049
"2023-10-01","2023-10-01",1,1,"email",1822.14,9689.5257265902763792212152,5.3176625981484827615997
"2023-10-01","2023-10-01",0,0,"paid_search",48052.71,186744.2636688999027310084994,3.8862379180882806137470
"2023-10-01","2023-10-01",1,0,"paid_search",10984.32,48005.0750388161018040695394,4.3703274339072515917298
"2023-10-01","2023-10-01",0,1,"paid_search",10466.50,51195.7311881783963618570997,4.8913897853320972972682
"2023-10-01","2023-10-01",1,1,"paid_search",10336.50,54902.2369801263660604969928,5.3114919924661506371109
"2023-10-01","2023-10-01",0,0,"paid_social",39630.98,154574.5113076375065754651540,3.9003454193572176760571
"2023-10-01","2023-10-01",1,0,"paid_social",8722.51,38090.9040823359957297383453,4.3669659401176949902882
"2023-10-01","2023-10-01",0,1,"paid_social",9089.24,44633.6765043342149992974666,4.9106060027388665058132
"2023-10-01","2023-10-01",1,1,"paid_social",8884.10,47245.1629520266993237262165,5.3179458754433988050254
"2023-10-01","2023-10-01",0,0,"tv",30824.85,119825.1085139648983943092279,3.8872892654454084413812
"2023-10-01","2023-10-01",1,0,"tv",7047.76,30828.4368261428338325323263,4.3742177409762582483700
"2023-10-01","2023-10-01",0,1,"tv",6807.72,33345.9935981660457316242312,4.8982616203613024230762
"2023-10-01","2023-10-01",1,1,"tv",6965.53,37078.4576198513656215071715,5.3231351555231785121171
"2023-11-01","2023-10-01",0,0,"affiliate",11823.74,46630.6404069097352695300024,3.9438147664706544011903
"2023-11-01","2023-10-01",1,0,"affiliate",3833.06,17210.4732332466217020574781,4.4900088266937177351926
"2023-11-01","2023-10-01",0,1,"affiliate",8654.54,41995.5406395622439598698952,4.8524289724886873201661
"2023-11-01","2023-10-01",1,1,"affiliate",4040.18,20810.7842536444784431784769,5.1509547232164107646636
"2023-11-01","2023-10-01",0,0,"display",18834.92,74393.0697950326537362373402,3.9497417453874321598519
"2023-11-01","2023-10-01",1,0,"display",5947.52,26680.8534589239496357346977,4.4860468664122104063096
"2023-11-01","2023-10-01",0,1,"display",12762.47,61810.1671430921167387792331,4.8431194857337268364807
"2023-11-01","2023-10-01",1,1,"display",5760.29,29685.2317130880839639428741,5.1534266005857489751285
"2023-11-01","2023-10-01",0,0,"email",6081.35,24000.9165284164545677453182,3.9466428553555468058483
"2023-11-01","2023-10-01",1,0,"email",1971.64,8849.3042509504120403898616,4.4882961650962711450315
"2023-11-01","2023-10-01",0,1,"email",4325.62,20979.7723049091315519708653,4.8501191285663399817762
"2023-11-01","2023-10-01",1,1,"email",1925.97,9936.2489764161343510633879,5.1590881355452755500155
"2023-11-01","2023-10-01",0,0,"paid_search",36813.86,145241.2483298738915926571204,3.9452871372323872474296
"2023-11-01","2023-10-01",1,0,"paid_search",11311.62,50698.2392538783820649443382,4.4819609617259404103872
"2023-11-01","2023-10-01",0,1,"paid_search",26031.26,126140.6364614589149591169448,4.8457368741067053595991
"2023-11-01","2023-10-01",1,1,"paid_search",11726.57,60476.7678528055444935700133,5.1572427276522925709368
"2023-11-01","2023-10-01",0,0,"paid_social",30016.56,118324.0220813867614276145990,3.9419581085036646913442
"2023-11-01","2023-10-01",1,0,"paid_social",9094.03,40846.4473893951596055769772,4.4915672577938669220991
"2023-11-01","2023-10-01",0,1,"paid_social",21735.90,105301.0249059968501347014452,4.8445670483392383170102
"2023-11-01","2023-10-01",1,1,"paid_social",9735.65,50242.1797482067599498160406,5.1606394794602065552702
"2023-11-01","2023-10-01",0,0,"tv",24335.40,96059.6428583805034051099802,3.9473213038774995851767
"2023-11-01","2023-10-01",1,0,"tv",7342.48,32947.7124136054749517179717,4.4872730213232415957167
"2023-11-01","2023-10-01",0,1,"tv",17100.89,82758.6785449807426565477003,4.8394369266734504845390
"2023-11-01","2023-10-01",1,1,"tv",7546.02,38861.3074558389987979347775,5.1499078263560126792580
"2023-12-01","2023-10-01",0,0,"affiliate",13453.72,59053.8776058403599268842458,4.3894088479498874606343
"2023-12-01","2023-10-01",1,0,"affiliate",8522.13,38991.5363864208289194107907,4.5753275749631640117448
"2023-12-01","2023-10-01",0,1,"affiliate",8221.04,42376.0062539512863824670633,5.1545797434328608524550
"2023-12-01","2023-10-01",1,1,"affiliate",2165.00,11405.9489735186154678054557,5.2683367083226861283166
"2023-12-01","2023-10-01",0,0,"display",19883.40,87240.5635970537642942105621,4.3876079341085410087918
"2023-12-01","2023-10-01",1,0,"display",12597.49,57711.2056408805178886048771,4.5811670134987618873764
"2023-12-01","2023-10-01",0,1,"display",12462.69,64373.7699634974732165901698,5.1653190413544325676552
"2023-12-01","2023-10-01",1,1,"display",2968.03,15638.3156623018776977728279,5.2689210224633435975286
"2023-12-01","2023-10-01",0,0,"email",6690.82,29385.1397716614373633192440,4.3918592596514982264236
"2023-12-01","2023-10-01",1,0,"email",4056.94,18617.1891194791418630638190,4.5889732457170039150354
"2023-12-01","2023-10-01",0,1,"email",4221.44,21830.2643951235690517010218,5.1712838261644294486481
"2023-12-01","2023-10-01",1,1,"email",1029.89,5427.4148001278668353513854,5.2698975619996959241777
"2023-12-01","2023-10-01",0,0,"paid_search",42099.84,184901.4255341600886329179580,4.3919745427574092593444
"2023-12-01","2023-10-01",1,0,"paid_search",24948.71,114324.3349924242246646786742,4.5823745994251496235548
"2023-12-01","2023-10-01",0,1,"paid_search",24555.32,126776.4350797727644155124292,5.1628907739655913429559
"2023-12-01","2023-10-01",1,1,"paid_search",6682.17,35206.3113188853461499413596,5.2686943491239142598799
"2023-12-01","2023-10-01",0,0,"paid_social",33814.63,148254.1353206760946090177982,4.3843193115132738287841
"2023-12-01","2023-10-01",1,0,"paid_social",21236.39,97216.9164489583695964016427,4.5778456907675160230341
"2023-12-01","2023-10-01",0,1,"paid_social",20059.67,103639.4143987869507055057863,5.1665562992206228071302
"2023-12-01","2023-10-01",1,1,"paid_social",5717.40,30126.6640024451288567044217,5.2692944349608438900032
"2023-12-01","2023-10-01",0,0,"tv",26466.77,116194.0981706082551715448481,4.3901880800191430677618
"2023-12-01","2023-10-01",1,0,"tv",16686.08,76521.9374118369170669001245,4.5859745016107388354185
"2023-12-01","2023-10-01",0,1,"tv",16476.35,85249.4199088679562277031345,5.1740476445856003439902
"2023-12-01","2023-10-01",1,1,"tv",4125.25,21735.3952427211649918219554,5.2688674002111787144590
"2024-01-01","2024-01-01",0,0,"affiliate",18179.93,82380.4738947197650966185762,4.5313966497516637905987
"2024-01-01","2024-01-01",1,0,"affiliate",5850.74,27646.3679978924243182748347,4.7252771440693697409686
"2024-01-01","2024-01-01",0,1,"affiliate",8206.11,43510.6450083629332822913218,5.3022254159843011222481
"2024-01-01","2024-01-01",1,1,"affiliate",3648.38,20566.4695970521800658888699,5.6371511731377159358096
"2024-01-01","2024-01-01",0,0,"display",27620.74,125070.2365883047295377537050,4.5281276529269212026091
"2024-01-01","2024-01-01",1,0,"display",8827.69,41733.8701466759103419917006,4.7276093912083354016727
"2024-01-01","2024-01-01",0,1,"display",12014.44,63739.9750375716019190546054,5.3052805655171278827024
"2024-01-01","2024-01-01",1,1,"display",5101.28,28699.1399160453884216661033,5.6258703533319849962492
"2024-01-01","2024-01-01",0,0,"email",9041.38,40950.8224652901426589305501,4.5292668226852695781983
"2024-01-01","2024-01-01",1,0,"email",2922.52,13811.6807222801082852253653,4.7259490858163873250569
"2024-01-01","2024-01-01",0,1,"email",4090.84,21695.7349872817971614021863,5.3034914558579160175911
"2024-01-01","2024-01-01",1,1,"email",1702.06,9619.3820262045922337889328,5.6516115919559781874840
"2024-01-01","2024-01-01",0,0,"paid_search",54724.92,247658.0280564356412976256011,4.5255073567295418850795
"2024-01-01","2024-01-01",1,0,"paid_search",17838.23,84285.4478559177214855442225,4.7249894107160700072566
"2024-01-01","2024-01-01",0,1,"paid_search",24831.17,131667.1447034945473131216247,5.3024945946362796160278
"2024-01-01","2024-01-01",1,1,"paid_search",10013.05,56415.6023676835608984243707,5.6342075958557643174082
"2024-01-01","2024-01-01",0,0,"paid_social",45082.52,204101.7560172382882118277549,4.5272925297263393486395
"2024-01-01","2024-01-01",1,0,"paid_social",14689.45,69416.3586601130323852640739,4.7255927662446880165877
"2024-01-01","2024-01-01",0,1,"paid_social",20579.39,109031.1451829922604699160993,5.2980746845748226973645
"2024-01-01","2024-01-01",1,1,"paid_social",8528.97,48010.8923686326342040672852,5.6291547946156023768482
"2024-01-01","2024-01-01",0,0,"tv",37183.27,168358.0729780114331984705472,4.5277909387208664864190
"2024-01-01","2024-01-01",1,0,"tv",11661.92,55126.0046171208031825448625,4.7270093275481913083390
"2024-01-01","2024-01-01",0,1,"tv",15973.93,84771.3450802968598549087191,5.3068559258928053306174
"2024-01-01","2024-01-01",1,1,"tv",6910.59,38860.3637243816441755286304,5.6233062190611285252820
"2024-02-01","2024-01-01",0,0,"affiliate",17734.16,82731.2655593725405924254454,4.6650794601702330751739
"2024-02-01","2024-01-01",1,0,"affiliate",6272.88,32274.8342459241977238144670,5.1451381575806005732318
"2024-02-01","2024-01-01",0,1,"affiliate",8794.48,46543.8322223322800443450539,5.2923916163698456354833
"2024-02-01","2024-01-01",1,1,"affiliate",3743.66,21506.5724279854340122100220,5.7447985201608677102648
"2024-02-01","2024-01-01",0,0,"display",26633.96,124060.5037816259376538031316,4.6579819066194414069032
"2024-02-01","2024-01-01",1,0,"display",9074.94,46708.5552900254562004373570,5.1469822709599684626496
"2024-02-01","2024-01-01",0,1,"display",13399.42,70960.7082166978481899981620,5.2958044614392151443867
"2024-02-01","2024-01-01",1,1,"display",5439.73,31277.4774973332588415874277,5.7498216818359107605685
"2024-02-01","2024-01-01",0,0,"email",8738.12,40767.2708011710469002570558,4.6654510124799209555668
"2024-02-01","2024-01-01",1,0,"email",3153.53,16231.6826390928408674751715,5.1471470507947731169436
"2024-02-01","2024-01-01",0,1,"email",4250.73,22517.4444428722136728663976,5.2973123305578603376047
"2024-02-01","2024-01-01",1,1,"email",1895.67,10892.4666191923818007800615,5.7459719356176875726155
"2024-02-01","2024-01-01",0,0,"paid_search",51931.17,241562.9946129220584867335017,4.6515993114139746608200
"2024-02-01","2024-01-01",1,0,"paid_search",18430.14,94892.4280683521164880908110,5.1487632795167110227101
"2024-02-01","2024-01-01",0,1,"paid_search",25895.21,137069.6169224309760319651681,5.2932421448766384220080
"2024-02-01","2024-01-01",1,1,"paid_search",10660.85,61286.0544952653443584849758,5.7487024482349291434065
"2024-02-01","2024-01-01",0,0,"paid_social",43446.04,202624.6509354635955661565386,4.6638232376406134038029
"2024-02-01","2024-01-01",1,0,"paid_social",15738.58,81031.4380539595404260169086,5.1485863434922045334469
"2024-02-01","2024-01-01",0,1,"paid_social",21301.22,112749.0748968577155209977899,5.2930806262203627548562
"2024-02-01","2024-01-01",1,1,"paid_social",9382.42,53900.8577799739791292902759,5.7448779504620320907922
"2024-02-01","2024-01-01",0,0,"tv",35215.23,163706.4243094448208013362087,4.6487393184552485047332
"2024-02-01","2024-01-01",1,0,"tv",12851.00,66134.6617026458482941652849,5.1462657927512137805747
"2024-02-01","2024-01-01",0,1,"tv",17571.78,93072.2032988089665370606842,5.2966861239333161772490
"2024-02-01","2024-01-01",1,1,"tv",7432.76,42716.4511802496018576291003,5.7470510524017460348012
"2024-03-01","2024-01-01",0,0,"affiliate",22172.06,104505.2061641492939442790722,4.7133737760113085542922
"2024-03-01","2024-01-01",1,0,"affiliate",9035.40,48499.0145624580177999040638,5.3676665739710491843088
"2024-03-01","2024-01-01",0,1,"affiliate",5157.67,27301.9492087938326318935068,5.2934656945469238303136
"2024-03-01","2024-01-01",1,1,"affiliate",12874.63,72502.8223324156578703437682,5.6314490072658909708740
"2024-03-01","2024-01-01",0,0,"display",33121.98,156202.2937947201803625176119,4.7159708989233186048213
"2024-03-01","2024-01-01",1,0,"display",13946.00,74982.4887662119572564604179,5.3766304866063356701893
"2024-03-01","2024-01-01",0,1,"display",7638.09,40385.6749288471732590790613,5.2874049571093261874473
"2024-03-01","2024-01-01",1,1,"display",19821.30,111642.1303245139185276270443,5.6324322988156134323998
"2024-03-01","2024-01-01",0,0,"email",10994.34,51860.8757172042671885637857,4.7170522029702799066214
"2024-03-01","2024-01-01",1,0,"email",4647.35,24953.7338897231018132789375,5.3694543965320240165425
"2024-03-01","2024-01-01",0,1,"email",2634.90,13917.6394466500253862535222,5.2820370589586038886688
"2024-03-01","2024-01-01",1,1,"email",6543.50,36837.7810172554485315277421,5.6296754057087871218045
"2024-03-01","2024-01-01",0,0,"paid_search",67927.80,320526.5809131074193108573214,4.7186362713514558002888
"2024-03-01","2024-01-01",1,0,"paid_search",27329.86,146920.1370886132102249553526,5.3758100878897005043185
"2024-03-01","2024-01-01",0,1,"paid_search",15164.64,80164.9340044808061624016331,5.2863064342101629951256
"2024-03-01","2024-01-01",1,1,"paid_search",39025.10,219797.2766979645179714676607,5.6322027796972850286474
"2024-03-01","2024-01-01",0,0,"paid_social",55218.63,260282.4215586169910553879327,4.7136703963611011547260
"2024-03-01","2024-01-01",1,0,"paid_social",22387.95,120236.5839868168567047631681,5.3705937339871161363485
"2024-03-01","2024-01-01",0,1,"paid_social",13200.81,69755.7496906255862717607168,5.2842022338497096974929
"2024-03-01","2024-01-01",1,1,"paid_social",31752.96,178772.5795006692443156602495,5.6301075396016385343496
"2024-03-01","2024-01-01",0,0,"tv",44124.40,208072.4618522018481383381345,4.7155873360816656575124
"2024-03-01","2024-01-01",1,0,"tv",18072.99,96952.8917061768562021320944,5.3645186383756565018922
"2024-03-01","2024-01-01",0,1,"tv",10201.68,54021.6127206025762886113227,5.2953643635756636444793
"2024-03-01","2024-01-01",1,1,"tv",25404.29,143082.1301271812127818384553,5.6322034635560062013872
"2024-04-01","2024-04-01",0,0,"affiliate",21266.65,100395.3927912898744788830000,4.7207901945670744794729
"2024-04-01","2024-04-01",1,0,"affiliate",7848.02,39568.6933057964079652061891,5.0418695805816509087905
"2024-04-01","2024-04-01",0,1,"affiliate",7747.54,40854.9391114941259191225238,5.2732788874267349273605
"2024-04-01","2024-04-01",1,1,"affiliate",2623.90,15044.0588900946079936483419,5.7334726514328320414834
"2024-04-01","2024-04-01",0,0,"display",31328.64,147822.4747577891621435017375,4.7184453189729641038839
"2024-04-01","2024-04-01",1,0,"display",11989.71,60604.9717585271933671420550,5.0547487602725331444332
"2024-04-01","2024-04-01",0,1,"display",11847.26,62406.4732874087274680057370,5.2675870443806185960303
"2024-04-01","2024-04-01",1,1,"display",3936.51,22582.3462736966403908040243,5.7366414091915530230595
"2024-04-01","2024-04-01",0,0,"email",10543.28,49758.4800071990738383144508,4.7194497354901960147425
"2024-04-01","2024-04-01",1,0,"email",4093.36,20667.1143219186330474919674,5.0489364047918172473205
"2024-04-01","2024-04-01",0,1,"email",3840.56,20240.2185745947796674910684,5.2701216943869591068727
"2024-04-01","2024-04-01",1,1,"email",1347.63,7723.8855509310683383725822,5.7314585983772017084605
"2024-04-01","2024-04-01",0,0,"paid_search",61631.63,290767.2218574581480667509650,4.7178246276702100539407
"2024-04-01","2024-04-01",1,0,"paid_search",24126.81,121796.6742850025671021726552,5.0481880648541007742910
"2024-04-01","2024-04-01",0,1,"paid_search",23400.59,123385.5378487720304812140597,5.2727532873646361258932
"2024-04-01","2024-04-01",1,1,"paid_search",7802.91,44750.0453887641403216874025,5.7350456930509438557778
"2024-04-01","2024-04-01",0,0,"paid_social",52074.25,245641.7315820939047821911143,4.7171439162752013669365
"2024-04-01","2024-04-01",1,0,"paid_social",20094.08,101475.0118329369444578519677,5.0499954132230460144407
"2024-04-01","2024-04-01",0,1,"paid_social",20049.23,105659.3350250545690267324331,5.2699946593986187512803
"2024-04-01","2024-04-01",1,1,"paid_social",6594.94,37794.2260441206240992102868,5.7307914922835725721857
"2024-04-01","2024-04-01",0,0,"tv",41811.40,197297.4590041698366909622244,4.7187479731405749793349
"2024-04-01","2024-04-01",1,0,"tv",15755.57,79497.3344958182540599860274,5.0456654056830856681152
"2024-04-01","2024-04-01",0,1,"tv",15890.05,83730.5261526757674374183242,5.2693683250005989557880
"2024-04-01","2024-04-01",1,1,"tv",5294.86,30338.5478523929188562773623,5.7298111474888701223975
"2024-05-01","2024-04-01",0,0,"affiliate",20364.81,92760.8700545797094379382106,4.5549587771543024186299
"2024-05-01","2024-04-01",1,0,"affiliate",7602.92,37819.5001772196904071503305,4.9743388299784412314151
"2024-05-01","2024-04-01",0,1,"affiliate",9033.91,45773.1980766356481488547012,5.0668202446820533023746
"2024-05-01","2024-04-01",1,1,"affiliate",2538.20,14519.5559542338220625052755,5.7204144489141210552775
"2024-05-01","2024-04-01",0,0,"display",30542.74,138737.0899999251287860925409,4.5423917435018969740794
"2024-05-01","2024-04-01",1,0,"display",11098.28,55174.9763902649985897406050,4.9714889505639611353958
"2024-05-01","2024-04-01",0,1,"display",13262.10,67172.6376521467135976064056,5.0650076271591010170038
"2024-05-01","2024-04-01",1,1,"display",3641.18,20828.3026459042336574115410,5.7202068136989200362002
"2024-05-01","2024-04-01",0,0,"email",10404.18,47356.4108348618964613279435,4.5516716199510097346766
"2024-05-01","2024-04-01",1,0,"email",3838.87,19090.9841220487153951562867,4.9730738790448010469634
"2024-05-01","2024-04-01",0,1,"email",4362.42,22118.9274053405904005096520,5.0703342193875395767738
"2024-05-01","2024-04-01",1,1,"email",1384.75,7922.1323762381249219567152,5.7209838427428235580117
"2024-05-01","2024-04-01",0,0,"paid_search",61996.33,282180.0704536520251623528936,4.5515608819691750328181
"2024-05-01","2024-04-01",1,0,"paid_search",22910.85,113923.2430136456924137126351,4.9724581590663677870403
"2024-05-01","2024-04-01",0,1,"paid_search",27605.02,139850.8380428201175399251493,5.0661378996581099213087
"2024-05-01","2024-04-01",1,1,"paid_search",8045.08,46046.7231250605567855833757,5.7235879724080502351230
"2024-05-01","2024-04-01",0,0,"paid_social",51635.41,234385.0635134251809308103710,4.5392311887021945004564
"2024-05-01","2024-04-01",1,0,"paid_social",19323.47,96135.1999196546310022834220,4.9750484731600810311131
"2024-05-01","2024-04-01",0,1,"paid_social",22390.06,113506.8578168468947927043886,5.0695200377688534462482
"2024-05-01","2024-04-01",1,1,"paid_social",6069.05,34731.3282798715454473184468,5.7226960199490110391772
"2024-05-01","2024-04-01",0,0,"tv",40923.47,185980.6051435560592201946517,4.5445951954601127230950
"2024-05-01","2024-04-01",1,0,"tv",15438.63,76874.4263771662721953672944,4.9793554465108803174483
"2024-05-01","2024-04-01",0,1,"tv",18492.08,93770.3510062100355231867782,5.0708384890293593540146
"2024-05-01","2024-04-01",1,1,"tv",4914.82,28107.7776186917171244392463,5.7189841375048765009582
"2024-06-01","2024-04-01",0,0,"affiliate",20626.76,87741.6746593536250411690748,4.2537788125402935333115
"2024-06-01","2024-04-01",1,0,"affiliate",8452.77,39829.8518887698091454781315,4.7120472802134459053633
"2024-06-01","2024-04-01",0,1,"affiliate",3570.20,17005.8364116699310731637898,4.7632727610973982054685
"2024-06-01","2024-04-01",1,1,"affiliate",3547.41,19279.5162075507861193946317,5.4348147542998373797770
"2024-06-01","2024-04-01",0,0,"display",30834.84,131044.8450973759600038994982,4.2498954136741413285718
"2024-06-01","2024-04-01",1,0,"display",12585.13,59110.9409596296162401716070,4.6968875935035725685926
"2024-06-01","2024-04-01",0,1,"display",5361.29,25598.5930077671664122487673,4.7747077676766536434792
"2024-06-01","2024-04-01",1,1,"display",5195.74,28282.3379322473569386491828,5.4433705174330041415947
"2024-06-01","2024-04-01",0,0,"email",10342.24,44000.0161420081352423392818,4.2543990607458476347812
"2024-06-01","2024-04-01",1,0,"email",4029.41,18947.6884113013926348434907,4.7023480885046179551953
"2024-06-01","2024-04-01",0,1,"email",1747.88,8329.4527212060357193316420,4.7654602840046431787832
"2024-06-01","2024-04-01",1,1,"email",1816.02,9879.8304659320784763347248,5.4403753625687373907417
"2024-06-01","2024-04-01",0,0,"paid_search",60732.68,257889.6208105731438850209983,4.2463072732929477817383
"2024-06-01","2024-04-01",1,0,"paid_search",25963.07,122294.6682883681602504056221,4.7103315705102732554511
"2024-06-01","2024-04-01",0,1,"paid_search",11182.93,53314.7489788336165959498537,4.7675116430876001724011
"2024-06-01","2024-04-01",1,1,"paid_search",10709.59,58196.1232660333649063912133,5.4340197212062613887545
"2024-06-01","2024-04-01",0,0,"paid_social",50985.44,216664.8640348303926025344793,4.2495438704624377587510
"2024-06-01","2024-04-01",1,0,"paid_social",21217.62,99762.9524944798700512630114,4.7018917529147882774441
"2024-06-01","2024-04-01",0,1,"paid_social",9450.90,45052.2615084412105424883537,4.7669810820600377257709
"2024-06-01","2024-04-01",1,1,"paid_social",8497.18,46213.3989055068584505191010,5.4386748198233835755532
"2024-06-01","2024-04-01",0,0,"tv",41299.88,175659.1692558587432243970781,4.2532610084062893941677
"2024-06-01","2024-04-01",1,0,"tv",17235.09,81146.8679574511516778815929,4.7082358117915921342959
"2024-06-01","2024-04-01",0,1,"tv",7106.66,33919.6173720820396556179641,4.7729337511689091156208
"2024-06-01","2024-04-01",1,1,"tv",7226.73,39324.7232227295551100581166,5.4415653030803081213852
"2024-07-01","2024-07-01",0,0,"affiliate",17756.20,71269.3317890224827967274263,4.0137716284465416472403
"2024-07-01","2024-07-01",1,0,"affiliate",6581.39,28363.5522681673406665718614,4.3096598542507495630212
"2024-07-01","2024-07-01",0,1,"affiliate",7812.86,36060.6814116731289483893301,4.6155545359411443374628
"2024-07-01","2024-07-01",1,1,"affiliate",2320.43,12074.2091453435236696569936,5.2034360637224668141926
"2024-07-01","2024-07-01",0,0,"display",26699.22,107351.9755086954855247723918,4.0207907013274352406090
"2024-07-01","2024-07-01",1,0,"display",9655.14,41531.0126024811497538769251,4.3014407458080514372528
"2024-07-01","2024-07-01",0,1,"display",11361.70,52507.1466446496873403448618,4.6214163940827241821510
"2024-07-01","2024-07-01",1,1,"display",3374.28,17605.9207269456507756064317,5.2176822098182873903785
"2024-07-01","2024-07-01",0,0,"email",8666.60,34809.1124729962510314997365,4.0164669504761095506311
"2024-07-01","2024-07-01",1,0,"email",3320.92,14291.6265710179097899630503,4.3035142584036681973559
"2024-07-01","2024-07-01",0,1,"email",3874.84,17885.0771366444175541115041,4.6156943607076466522776
"2024-07-01","2024-07-01",1,1,"email",1098.64,5699.7887513530645572966296,5.1880404421403412922310
"2024-07-01","2024-07-01",0,0,"paid_search",53154.38,213315.6455576909112953931392,4.0131339234450841359714
"2024-07-01","2024-07-01",1,0,"paid_search",19008.18,81804.2465698550833152849246,4.3036338339522817710736
"2024-07-01","2024-07-01",0,1,"paid_search",24247.88,112066.0070628963408371945548,4.6216826816569671590751
"2024-07-01","2024-07-01",1,1,"paid_search",6507.25,33773.7790943471162876504698,5.1901769709703970629145
"2024-07-01","2024-07-01",0,0,"paid_social",44031.38,176686.7022508539286571306815,4.0127450525251293204331
"2024-07-01","2024-07-01",1,0,"paid_social",16611.36,71394.4620804699503608272577,4.2979299756594252584272
"2024-07-01","2024-07-01",0,1,"paid_social",19320.60,89242.2081393591193619348279,4.6190184641967184953850
"2024-07-01","2024-07-01",1,1,"paid_social",6029.75,31335.8627725389659220538324,5.1968759521603658397204
"2024-07-01","2024-07-01",0,0,"tv",35693.62,143333.1824207409406962713772,4.0156527250735829175150
"2024-07-01","2024-07-01",1,0,"tv",13415.07,57648.9299080085661139877235,4.2973260600211975124981
"2024-07-01","2024-07-01",0,1,"tv",14558.70,67307.0296047773059563940449,4.6231483308796325191393
"2024-07-01","2024-07-01",1,1,"tv",4268.99,22195.6795094716787877356429,5.1992812139338997720153
"2024-08-01","2024-07-01",0,0,"affiliate",14462.07,55841.6276631967661765262887,3.8612472255490926386421
"2024-08-01","2024-07-01",1,0,"affiliate",7121.24,30744.1669063786395897821311,4.3172490895375860931217
"2024-08-01","2024-07-01",0,1,"affiliate",8083.21,35598.9621445101297491024482,4.4040625128519647205878
"2024-08-01","2024-07-01",1,1,"affiliate",2064.67,9897.4203253186733937986599,4.7937056891990843058691
"2024-08-01","2024-07-01",0,0,"display",21556.97,83139.0766035902609892254731,3.8567143992680910623907
"2024-08-01","2024-07-01",1,0,"display",10496.43,45273.7191392337874144504185,4.3132492799202955113739
"2024-08-01","2024-07-01",0,1,"display",12034.59,52851.3645851882129215419277,4.3916215330300585995486
"2024-08-01","2024-07-01",1,1,"display",3160.14,15140.7625054446485173212051,4.7911682727488809094917
"2024-08-01","2024-07-01",0,0,"email",7288.13,28055.6712788430470550728049,3.8495020367149113771397
"2024-08-01","2024-07-01",1,0,"email",3588.60,15531.5320243750824706794897,4.3280198473987299979601
"2024-08-01","2024-07-01",0,1,"email",4013.30,17624.6013397610100253921795,4.3915484363892582227574
"2024-08-01","2024-07-01",1,1,"email",1006.62,4806.9997961115092652563086,4.7753867359197207141288
"2024-08-01","2024-07-01",0,0,"paid_search",43543.85,167943.1708531149150746257735,3.8568746413813871551235
"2024-08-01","2024-07-01",1,0,"paid_search",21008.52,90561.7386950124045550602883,4.3107148287938609933046
"2024-08-01","2024-07-01",0,1,"paid_search",24308.50,106590.0791874463210545642168,4.3848892028486464016523
"2024-08-01","2024-07-01",1,1,"paid_search",6632.12,31798.1753552587648743245548,4.7945717742228374749438
"2024-08-01","2024-07-01",0,0,"paid_social",35875.38,138257.9394284260480998869151,3.8538390235427763580452
"2024-08-01","2024-07-01",1,0,"paid_social",17161.83,74172.2874841363557396499833,4.3219334700399873288367
"2024-08-01","2024-07-01",0,1,"paid_social",20630.70,90753.6274182766254459871552,4.3989601621988892982782
"2024-08-01","2024-07-01",1,1,"paid_social",5093.91,24408.5513367755948504850338,4.7917123264399243116751
"2024-08-01","2024-07-01",0,0,"tv",28151.18,108618.3741728289626072205766,3.8583950716392336877964
"2024-08-01","2024-07-01",1,0,"tv",14225.77,61482.3657508637302294831758,4.3219007302145142392632
"2024-08-01","2024-07-01",0,1,"tv",16175.39,70927.0653248177008034504339,4.3848751297383062048860
"2024-08-01","2024-07-01",1,1,"tv",4232.89,20298.5406810908090988142378,4.7954330684451542796563
"2024-09-01","2024-07-01",0,0,"affiliate",15398.53,54486.5183577279867230391344,3.5384233662387245226031
"2024-09-01","2024-07-01",1,0,"affiliate",5602.64,23330.1396015342485084967881,4.1641332660199920945299
"2024-09-01","2024-07-01",0,1,"affiliate",5111.96,21013.8639262267069431400334,4.1107254216047674361967
"2024-09-01","2024-07-01",1,1,"affiliate",3138.73,14128.0147923993851305047089,4.5011883125975745382702
"2024-09-01","2024-07-01",0,0,"display",23417.27,82955.1426106849755316853492,3.5424770953524888055561
"2024-09-01","2024-07-01",1,0,"display",8612.75,35765.8421784232748801472353,4.1526622946704914086845
"2024-09-01","2024-07-01",0,1,"display",7403.99,30449.5791748146569263809687,4.1125905322420285449306
"2024-09-01","2024-07-01",1,1,"display",4250.09,19144.8610485160075573934860,4.5045777968268925028396
"2024-09-01","2024-07-01",0,0,"email",7771.53,27533.4714509333005057839986,3.5428636897667898735235
"2024-09-01","2024-07-01",1,0,"email",2945.90,12225.1776045627097613321354,4.1498956531323906993897
"2024-09-01","2024-07-01",0,1,"email",2385.49,9812.7983269541175272505028,4.1135357209437547536357
"2024-09-01","2024-07-01",1,1,"email",1490.45,6707.7147773613062981594408,4.5004627980551553545301
"2024-09-01","2024-07-01",0,0,"paid_search",47205.49,166920.0792124935345614732006,3.5360310678375234440205
"2024-09-01","2024-07-01",1,0,"paid_search",17650.38,73388.1415702541570184040395,4.1578788428495112863521
"2024-09-01","2024-07-01",0,1,"paid_search",14453.03,59414.0206765936720922401693,4.1108349374901783288515
"2024-09-01","2024-07-01",1,1,"paid_search",8874.39,39966.0219829738752973906755,4.5035232824987267065557
"2024-09-01","2024-07-01",0,0,"paid_social",38454.65,136324.9525763503416430842098,3.5450836914742519212393
"2024-09-01","2024-07-01",1,0,"paid_social",15283.63,63862.3474752507820161919599,4.1784803397655388161184
"2024-09-01","2024-07-01",0,1,"paid_social",12630.55,51885.1790344443266491885114,4.1079112971679243302302
"2024-09-01","2024-07-01",1,1,"paid_social",7202.33,32424.0801694211639018956217,4.5018876071245227449861
"2024-09-01","2024-07-01",0,0,"tv",31596.50,111727.2257918098610337110992,3.5360633548592363405349
"2024-09-01","2024-07-01",1,0,"tv",11895.64,49526.0015699748278158483642,4.1633742757829614729303
"2024-09-01","2024-07-01",0,1,"tv",9420.46,38742.7388609665198622235690,4.1126164604452988349002
"2024-09-01","2024-07-01",1,1,"tv",5767.71,25965.1772293282618155911619,4.5018173988165600932764
"2024-10-01","2024-10-01",0,0,"affiliate",14017.12,48861.0735946862843870651073,3.4858140327461193445633
"2024-10-01","2024-10-01",1,0,"affiliate",6016.93,23974.8995652609412181772561,3.9845734561081716453702
"2024-10-01","2024-10-01",0,1,"affiliate",8648.20,37775.6516523008343513741304,4.3680363141810821155124
"2024-10-01","2024-10-01",1,1,"affiliate",972.85,4439.1431697182626078967770,4.5630294184285990727212
"2024-10-01","2024-10-01",0,0,"display",20914.93,72834.7916388471874461808211,3.4824305717899695311522
"2024-10-01","2024-10-01",1,0,"display",8538.15,34035.1194074019850721686310,3.9862405096422509644558
"2024-10-01","2024-10-01",0,1,"display",12757.89,55797.8445591154315915094711,4.3735950505228867462809
"2024-10-01","2024-10-01",1,1,"display",1407.26,6421.3687793778303313850926,4.5630294184285990729397
"2024-10-01","2024-10-01",0,0,"email",7085.05,24678.5480191111030155506110,3.4831861481727162145010
"2024-10-01","2024-10-01",1,0,"email",2802.90,11178.2282335868019045816905,3.9880938433717941790937
"2024-10-01","2024-10-01",0,1,"email",4371.84,19108.3970183159656942466612,4.3707905637708529347475
"2024-10-01","2024-10-01",1,1,"email",506.52,2311.2656610224540023336280,4.5630294184285990727585
"2024-10-01","2024-10-01",0,0,"paid_search",39699.27,138252.8973287639456054072353,3.4825047747418011869087
"2024-10-01","2024-10-01",1,0,"paid_search",17657.61,70325.3936596007899582976381,3.9827243698100020307560
"2024-10-01","2024-10-01",0,1,"paid_search",26944.24,117729.6450875049990008172998,4.3693808059720741427785
"2024-10-01","2024-10-01",1,1,"paid_search",2896.76,13218.0010981272286505576810,4.5630294184285990729497
"2024-10-01","2024-10-01",0,0,"paid_social",34901.47,121556.5521801186667470244811,3.4828490656731268553165
"2024-10-01","2024-10-01",1,0,"paid_social",14538.90,57891.2740687001304442490754,3.9818193995900742452489
"2024-10-01","2024-10-01",0,1,"paid_social",22274.23,97208.5713339863684487472657,4.3641720200422806287242
"2024-10-01","2024-10-01",1,1,"paid_social",2400.04,10951.4531254053749191064774,4.5630294184285990729765
"2024-10-01","2024-10-01",0,0,"tv",27598.43,96198.8272384728128002760962,3.4856630336752059012153
"2024-10-01","2024-10-01",1,0,"tv",12025.28,47828.8350654493514017305401,3.9773572894310445496263
"2024-10-01","2024-10-01",0,1,"tv",16864.91,73732.2703487764009155522459,4.3719338169475200825591
"2024-10-01","2024-10-01",1,1,"tv",2100.26,9583.5481663488494887203440,4.5630294184285990728388
"2024-11-01","2024-10-01",0,0,"affiliate",12337.26,43767.8145867779544785427720,3.5476122402201100145853
"2024-11-01","2024-10-01",1,0,"affiliate",5415.86,21842.5655273220651351352619,4.0330742536406157351068
"2024-11-01","2024-10-01",0,1,"affiliate",9485.50,41104.5839776315364146945606,4.3334124693091072072842
"2024-11-01","2024-10-01",1,1,"affiliate",4161.44,19931.5075462600130700756719,4.7895698475191311349138
"2024-11-01","2024-10-01",0,0,"display",18646.20,66173.2715281026822138430988,3.5488877909763212994521
"2024-11-01","2024-10-01",1,0,"display",8227.83,33143.1998197040587836820461,4.0281823785498799542142
"2024-11-01","2024-10-01",0,1,"display",13855.38,60131.2092207461877640460776,4.3399177229889175009308
"2024-11-01","2024-10-01",1,1,"display",6215.08,29795.3164314932722557818366,4.7940358662307278837572
"2024-11-01","2024-10-01",0,0,"email",6275.63,22256.4158623632163885038384,3.5464831199996201797276
"2024-11-01","2024-10-01",1,0,"email",2601.48,10472.8106413247942890618847,4.0257125333751534853475
"2024-11-01","2024-10-01",0,1,"email",4653.75,20171.2064587742154475641606,4.3343983795378383986171
"2024-11-01","2024-10-01",1,1,"email",1950.56,9360.5707963236999851654361,4.7989145662392851207681
"2024-11-01","2024-10-01",0,0,"paid_search",38615.06,137001.5322366229063299921859,3.5478782691681148839337
"2024-11-01","2024-10-01",1,0,"paid_search",16307.57,65675.5983852217625158623037,4.0273074642771278931111
"2024-11-01","2024-10-01",0,1,"paid_search",28547.65,123582.2189690188629315065756,4.3289804579017489331523
"2024-11-01","2024-10-01",1,1,"paid_search",12325.04,58903.7974810223160416662610,4.7791972667855289752947
"2024-11-01","2024-10-01",0,0,"paid_social",30952.03,109701.1262673341435628757228,3.5442304193726273708986
"2024-11-01","2024-10-01",1,0,"paid_social",12805.88,51600.4727601227261314775940,4.0294359122623924424934
"2024-11-01","2024-10-01",0,1,"paid_social",22731.57,98419.9625201680477048460091,4.3296596988315390316131
"2024-11-01","2024-10-01",1,1,"paid_social",10384.61,49760.0071409039964618766837,4.7917068759350612552495
"2024-11-01","2024-10-01",0,0,"tv",25965.09,92053.4395187990970266579799,3.5452771208880499557929
"2024-11-01","2024-10-01",1,0,"tv",10782.99,43454.4928663045931448180782,4.0299112645290956538788
"2024-11-01","2024-10-01",0,1,"tv",19188.81,83077.3588536611497363220099,4.3294690423044029169251
"2024-11-01","2024-10-01",1,1,"tv",8371.67,40110.8406039967021854370564,4.7912591638223558961876
"2024-12-01","2024-10-01",0,0,"affiliate",12438.43,50005.6606444987701950609831,4.0202550196848613687629
"2024-12-01","2024-10-01",1,0,"affiliate",5799.02,25474.2454356715292755675312,4.3928535227799747673861
"2024-12-01","2024-10-01",0,1,"affiliate",11483.10,52010.8884826923189493770442,4.5293421186519597451365
"2024-12-01","2024-10-01",1,1,"affiliate",4590.94,23543.0271516334861727655740,5.1281496058832148041067
"2024-12-01","2024-10-01",0,0,"display",18669.99,75109.7354178034766950710329,4.0230195847883944605793
"2024-12-01","2024-10-01",1,0,"display",8752.37,38491.4531369043953836350459,4.3978320314274185601883
"2024-12-01","2024-10-01",0,1,"display",16960.68,76736.4288029156165391737542,4.5243721833626727548172
"2024-12-01","2024-10-01",1,1,"display",6730.96,34410.9336954073301624082534,5.1123366793752050468890
"2024-12-01","2024-10-01",0,0,"email",6123.18,24662.1058210266148979053789,4.0276630477997731404116
"2024-12-01","2024-10-01",1,0,"email",2835.87,12458.9550754865167300525356,4.3933449260673150497211
"2024-12-01","2024-10-01",0,1,"email",5526.84,25000.5778384598444577799757,4.5234850001917631879664
"2024-12-01","2024-10-01",1,1,"email",2260.66,11584.3968489027057740279858,5.1243428241764377544735
"2024-12-01","2024-10-01",0,0,"paid_search",38245.51,153846.9216270060253651062236,4.0226139389174317551291
"2024-12-01","2024-10-01",1,0,"paid_search",17112.99,75342.4870560309405750884135,4.4026489266943380773955
"2024-12-01","2024-10-01",0,1,"paid_search",34687.34,157327.7187846769532574330426,4.5355947958153307015595
"2024-12-01","2024-10-01",1,1,"paid_search",13602.57,69687.7109627435120393240156,5.1231282737558793698047
"2024-12-01","2024-10-01",0,0,"paid_social",31943.59,128616.9427620378417491811891,4.0263772093881070270806
"2024-12-01","2024-10-01",1,0,"paid_social",14288.84,62829.9468933331800983193430,4.3971341895726441123506
"2024-12-01","2024-10-01",0,1,"paid_social",29343.96,132735.2142131526484089492362,4.5234254072440341524780
"2024-12-01","2024-10-01",1,1,"paid_social",11065.18,56775.8852651608904597532796,5.1310403685399505891231
"2024-12-01","2024-10-01",0,0,"tv",25270.73,101558.0537276272710977148061,4.0188017412883312471668
"2024-12-01","2024-10-01",1,0,"tv",11712.65,51469.3824025734379368298669,4.3943413661787416115764
"2024-12-01","2024-10-01",0,1,"tv",23179.51,104894.6218781026183884067496,4.5253166213652755553679
"2024-12-01","2024-10-01",1,1,"tv",9092.18,46651.0060761520753922820845,5.1308933694836744754594
